"","draft_year","player_id","player_name","position","pos_abbr","school","school_name","school_abbr","link","pick","overall","round","traded","trade_note","team","team_abbr","team_logo_espn","guid","weight","height","pos_rk","ovr_rk","grade","player_image"
"1",2004,7841,"Eli Manning","Quarterback","QB","Ole Miss","Rebels","MISS","http://insider.espn.com/nfl/draft/player/_/id/7841",1,1,1,FALSE,NA,"San Diego Chargers","SD","https://a.espncdn.com/i/teamlogos/nfl/500/scoreboard/sd.png","629fd2c16c50e8e3b30799a84fab0d67",221,77,2,5,98,NA
"2",2004,7842,"Philip Rivers","Quarterback","QB","North Carolina State","Wolfpack",NA,"http://insider.espn.com/nfl/draft/player/_/id/7842",4,4,1,FALSE,NA,"New York Giants","NYG","https://a.espncdn.com/i/teamlogos/nfl/500/scoreboard/nyg.png",NA,224,77,3,14,95,NA
"3",2004,7840,"Ben Roethlisberger","Quarterback","QB","Miami (OH)","RedHawks","M-OH","http://insider.espn.com/nfl/draft/player/_/id/7840",11,11,1,FALSE,NA,"Pittsburgh Steelers","PIT","https://a.espncdn.com/i/teamlogos/nfl/500/scoreboard/pit.png","b941dabb40e21086e171df0628618bf3",241,77,1,4,99,NA
"4",2004,7843,"J.P. Losman","Quarterback","QB","Tulane","Green Wave","TULN","http://insider.espn.com/nfl/draft/player/_/id/7843",22,22,1,FALSE,"from Dallas","Buffalo Bills","BUF","https://a.espncdn.com/i/teamlogos/nfl/500/scoreboard/buf.png","cf9bb966eb20d58df61882a2d175c489",224,74,4,30,89,NA
"5",2004,7844,"Matt Schaub","Quarterback","QB","Virginia","Cavaliers","UVA","http://insider.espn.com/nfl/draft/player/_/id/7844",27,90,3,FALSE,"from Indianapolis","Atlanta Falcons","ATL","https://a.espncdn.com/i/teamlogos/nfl/500/scoreboard/atl.png","2a6a50037d36b6bc2a16551a1be8d85f",233,78,5,65,80,NA
"6",2004,7853,"Luke McCown","Quarterback","QB","Louisiana Tech","Bulldogs","LT","http://insider.espn.com/nfl/draft/player/_/id/7853",10,106,4,FALSE,NA,"Cleveland Browns","CLE","https://a.espncdn.com/i/teamlogos/nfl/500/scoreboard/cle.png","86d41d68662bdddb4f1d0a776726401b",208,76,8,157,60,NA
"7",2004,7859,"Craig Krenzel","Quarterback","QB","Ohio State","Buckeyes","OSU","http://insider.espn.com/nfl/draft/player/_/id/7859",16,148,5,FALSE,NA,"Chicago Bears","CHI","https://a.espncdn.com/i/teamlogos/nfl/500/scoreboard/chi.png","3b9126737b9b812994cc71db72283e18",228,76,16,269,43,NA
"8",2004,7867,"Andrew Hall","Quarterback","QB","Delaware","Fightin Blue Hens","DEL","http://insider.espn.com/nfl/draft/player/_/id/7867",20,185,6,FALSE,"from Green Bay","Philadelphia Eagles","PHI","https://a.espncdn.com/i/teamlogos/nfl/500/scoreboard/phi.png",NA,220,74,30,NA,20,NA
"9",2004,7846,"Josh Harris","Quarterback","QB","Bowling Green","Falcons","BGSU","http://insider.espn.com/nfl/draft/player/_/id/7846",22,187,6,FALSE,NA,"Baltimore Ravens","BAL","https://a.espncdn.com/i/teamlogos/nfl/500/scoreboard/bal.png","dddb0e7ab1b7a94743c9e08ef04d7d1f",234,73,6,113,68,NA
"10",2004,7869,"Jim Sorgi","Quarterback","QB","Wisconsin","Badgers","WISC","http://insider.espn.com/nfl/draft/player/_/id/7869",28,193,6,FALSE,NA,"Indianapolis Colts","IND","https://a.espncdn.com/i/teamlogos/nfl/500/scoreboard/ind.png","03aa22786cb3e1d2c555c664c24cbaae",207,75,25,NA,30,NA
"11",2004,7850,"Jeff Smoker","Quarterback","QB","Michigan State","Spartans","MSU","http://insider.espn.com/nfl/draft/player/_/id/7850",36,201,6,FALSE,NA,"St. Louis Rams","STL","https://a.espncdn.com/i/teamlogos/nfl/500/scoreboard/stl.png","da2c7bb627545fb4337a9680d7f05c02",225,75,11,196,54,NA
"12",2004,7845,"John Navarre","Quarterback","QB","Michigan","Wolverines","MICH","http://insider.espn.com/nfl/draft/player/_/id/7845",1,202,7,FALSE,NA,"Arizona Cardinals","ARI","https://a.espncdn.com/i/teamlogos/nfl/500/scoreboard/ari.png","114d945014905a31914c47e1a37da8f8",246,78,9,167,59,NA
"13",2004,7847,"Cody Pickett","Quarterback","QB","Washington","Huskies","WASH","http://insider.espn.com/nfl/draft/player/_/id/7847",16,217,7,FALSE,NA,"San Francisco 49ers","SF","https://a.espncdn.com/i/teamlogos/nfl/500/scoreboard/sf.png","acb9eee9b51456c0385ad0247f1506e8",230,76,7,125,66,NA
"14",2004,7858,"Casey Bramlet","Quarterback","QB","Wyoming","Cowboys","WYO","http://insider.espn.com/nfl/draft/player/_/id/7858",17,218,7,FALSE,NA,"Cincinnati Bengals","CIN","https://a.espncdn.com/i/teamlogos/nfl/500/scoreboard/cin.png","a96e2a59bf44224aec0a5bb9b760e4ae",225,76,23,NA,30,NA
"15",2004,7848,"Matt Mauck","Quarterback","QB","LSU","Tigers","LSU","http://insider.espn.com/nfl/draft/player/_/id/7848",24,225,7,FALSE,NA,"Denver Broncos","DEN","https://a.espncdn.com/i/teamlogos/nfl/500/scoreboard/den.png","712db08e36f605f17629bc48e847ca5a",228,74,12,206,52,NA
"16",2004,7857,"B.J. Symons","Quarterback","QB","Texas Tech","Red Raiders","TTU","http://insider.espn.com/nfl/draft/player/_/id/7857",47,248,7,FALSE,NA,"Houston Texans","HOU","https://a.espncdn.com/i/teamlogos/nfl/500/scoreboard/hou.png",NA,210,73,18,312,37,NA
"17",2004,7851,"Bradlee Van Pelt","Quarterback","QB","Colorado State","Rams","CSU","http://insider.espn.com/nfl/draft/player/_/id/7851",49,250,7,FALSE,NA,"Denver Broncos","DEN","https://a.espncdn.com/i/teamlogos/nfl/500/scoreboard/den.png","defb340dd5811caa756eb0b8c50894b8",223,74,14,242,47,NA
"18",2004,7852,"JARED LORENZEN","Quarterback","QB","Kentucky","Wildcats","UK","http://insider.espn.com/nfl/draft/player/_/id/7852",NA,NA,NA,NA,NA,NA,NA,NA,"f2f3ff0cc8f024b925df2a91713ab8c1",288,75.375,10,179,57,NA
"19",2004,7855,"ROD RUTHERFORD","Quarterback","QB","Pittsburgh","Panthers","PITT","http://insider.espn.com/nfl/draft/player/_/id/7855",NA,NA,NA,NA,NA,NA,NA,NA,"cc823da68d19b3a00a04bef06600c2e6",240,73.625,13,233,48,NA
"20",2004,7849,"RYAN DINWIDDIE","Quarterback","QB","Boise State","Broncos","BSU","http://insider.espn.com/nfl/draft/player/_/id/7849",NA,NA,NA,NA,NA,NA,NA,NA,"44a1605b70c9613c163a1bbd8c199ee6",192,72.5,15,254,45,NA
"21",2004,7854,"CASEY CLAUSEN","Quarterback","QB","Tennessee","Volunteers","TENN","http://insider.espn.com/nfl/draft/player/_/id/7854",NA,NA,NA,NA,NA,NA,NA,NA,"7d6d29d89c7cf642ed4ea3978589a70c",223,75.5,17,297,39,NA
"22",2004,7856,"SCOTT RISLOV","Quarterback","QB","San Jose State","Spartans","SJSU","http://insider.espn.com/nfl/draft/player/_/id/7856",NA,NA,NA,NA,NA,NA,NA,NA,"e9d91a7ad74b797bd751e0fbb5405831",224,73,19,320,36,NA
"23",2004,7862,"JASON FIFE","Quarterback","QB",NA,NA,NA,"http://insider.espn.com/nfl/draft/player/_/id/7862",NA,NA,NA,NA,NA,NA,NA,NA,"eb23507351e9e5f50a22478992b734d0",226,75.875,20,337,34,NA
"24",2004,7861,"ROBERT KENT","Quarterback","QB","Jackson State","Tigers","JKST","http://insider.espn.com/nfl/draft/player/_/id/7861",NA,NA,NA,NA,NA,NA,NA,NA,"8896dec281f47900cb183cead312b4e0",230,76.5,21,356,32,NA
"25",2004,7870,"ADAM HALL","Quarterback","QB",NA,NA,NA,"http://insider.espn.com/nfl/draft/player/_/id/7870",NA,NA,NA,NA,NA,NA,NA,NA,"8793cecfb155d70a1623857bbe9fb67c",215,74.125,22,370,31,NA
"26",2005,9077,"Alex Smith","Quarterback","QB","Utah","Utes","UTAH","http://insider.espn.com/nfl/draft/player/_/id/9077",1,1,1,FALSE,NA,"San Francisco 49ers","SF","https://a.espncdn.com/i/teamlogos/nfl/500/scoreboard/sf.png","5cb521dc4af2c7598251a369ffaf4c72",217,76,2,3,98,NA
"27",2005,8743,"Aaron Rodgers","Quarterback","QB","California","Golden Bears","CAL","http://insider.espn.com/nfl/draft/player/_/id/8743",24,24,1,FALSE,NA,"Green Bay Packers","GB","https://a.espncdn.com/i/teamlogos/nfl/500/scoreboard/gb.png","5fbab03e281655abae1083b132803d9e",223,74,1,2,99,NA
"28",2005,8754,"Jason Campbell","Quarterback","QB","Auburn","Tigers","AUB","http://insider.espn.com/nfl/draft/player/_/id/8754",25,25,1,FALSE,"from Denver","Washington Redskins","WSH","https://a.espncdn.com/i/teamlogos/nfl/500/scoreboard/wsh.png","c794b72ed323e01f9bc984d5a48003ff",230,77,3,46,86,NA
"29",2005,8747,"Charlie Frye","Quarterback","QB","Akron","Zips","AKR","http://insider.espn.com/nfl/draft/player/_/id/8747",3,67,3,FALSE,NA,"Cleveland Browns","CLE","https://a.espncdn.com/i/teamlogos/nfl/500/scoreboard/cle.png","8c1f48a894b3973eec7212974d0029ee",225,76,4,55,85,NA
"30",2005,8746,"Andrew Walter","Quarterback","QB","Arizona State","Sun Devils","ASU","http://insider.espn.com/nfl/draft/player/_/id/8746",5,69,3,FALSE,NA,"Oakland Raiders","OAK","https://a.espncdn.com/i/teamlogos/nfl/500/scoreboard/oak.png","1e26f9a7c1df6b210b01332e40fdfc95",233,78,5,58,84,NA
"31",2005,8749,"David Greene","Quarterback","QB","Georgia","Bulldogs","UGA","http://insider.espn.com/nfl/draft/player/_/id/8749",21,85,3,FALSE,NA,"Seattle Seahawks","SEA","https://a.espncdn.com/i/teamlogos/nfl/500/scoreboard/sea.png","f94a61a63c8ff26cfa874ff8e18877b3",226,76,8,106,70,NA
"32",2005,8748,"Kyle Orton","Quarterback","QB","Purdue","Boilermakers","PUR","http://insider.espn.com/nfl/draft/player/_/id/8748",5,106,4,FALSE,NA,"Chicago Bears","CHI","https://a.espncdn.com/i/teamlogos/nfl/500/scoreboard/chi.png","a6ba34639733e9a6284e7125a8d29c96",233,76,6,69,79,NA
"33",2005,8769,"Stefan LeFors","Quarterback","QB","Louisville","Cardinals","LOU","http://insider.espn.com/nfl/draft/player/_/id/8769",20,121,4,FALSE,"from Seattle","Carolina Panthers","CAR","https://a.espncdn.com/i/teamlogos/nfl/500/scoreboard/car.png","b518c8332d8a45a6348f93e245d3aca8",208,72,14,176,59,NA
"34",2005,8768,"Dan Orlovsky","Quarterback","QB","Connecticut","Huskies","CONN","http://insider.espn.com/nfl/draft/player/_/id/8768",9,145,5,FALSE,"from Arizona through New England","Detroit Lions","DET","https://a.espncdn.com/i/teamlogos/nfl/500/scoreboard/det.png","69f12ca0217051ad60f1aed8fab5f991",225,77,10,126,67,NA
"35",2005,9112,"Adrian McPherson","Quarterback","QB","Florida State","Seminoles","FSU","http://insider.espn.com/nfl/draft/player/_/id/9112",16,152,5,FALSE,NA,"New Orleans Saints","NO","https://a.espncdn.com/i/teamlogos/nfl/500/scoreboard/no.png","157c91a0abd2ce7e114c209a8c559a37",218,76,9,120,68,NA
"36",2005,8751,"Derek Anderson","Quarterback","QB","Oregon State","Beavers","ORST","http://insider.espn.com/nfl/draft/player/_/id/8751",39,213,6,FALSE,NA,"Baltimore Ravens","BAL","https://a.espncdn.com/i/teamlogos/nfl/500/scoreboard/bal.png","ddfe7516042200bce053b9584341eec5",242,78,7,96,73,NA
"37",2005,8760,"James Kilian","Quarterback","QB","Tulsa","Golden Hurricane","TLSA","http://insider.espn.com/nfl/draft/player/_/id/8760",15,229,7,FALSE,NA,"Kansas City Chiefs","KC","https://a.espncdn.com/i/teamlogos/nfl/500/scoreboard/kc.png","4732cda3fa1be7a78029e98fe920c4dd",215,75,27,NA,30,NA
"38",2005,8762,"Ryan Fitzpatrick","Quarterback","QB","Harvard","Crimson","HARV","http://insider.espn.com/nfl/draft/player/_/id/8762",36,250,7,FALSE,NA,"St. Louis Rams","STL","https://a.espncdn.com/i/teamlogos/nfl/500/scoreboard/stl.png","f8047d1a4e960668c9cda5c0342b167c",232,74,11,142,64,NA
"39",2005,8750,"Jason White","Quarterback","QB","Oklahoma","Sooners","OKLA","http://insider.espn.com/nfl/draft/player/_/id/8750",NA,NA,NA,NA,NA,NA,NA,NA,"00be888b38b5e26fc4b4d18aca23e7b7",223,74.5,12,148,63,NA
"40",2005,8756,"Timmy Chang","Quarterback","QB","Hawai'i","Rainbow Warriors","HAW","http://insider.espn.com/nfl/draft/player/_/id/8756",NA,NA,NA,NA,NA,NA,NA,NA,"168fe011ec169a3ab462b78c3f3f47c5",211,73,13,157,61,NA
"41",2005,8758,"Bryan Randall","Quarterback","QB",NA,NA,NA,"http://insider.espn.com/nfl/draft/player/_/id/8758",NA,NA,NA,NA,NA,NA,NA,NA,"76ded17fb42a09dfeb6ffe81a268a501",225,72.25,15,210,53,NA
"42",2005,8753,"Chris Rix","Quarterback","QB",NA,NA,NA,"http://insider.espn.com/nfl/draft/player/_/id/8753",NA,NA,NA,NA,NA,NA,NA,NA,"49b3a60a1966f1911e400f7a8ac3bacb",214,74,16,232,49,NA
"43",2005,8764,"Gino Guidugli","Quarterback","QB",NA,NA,NA,"http://insider.espn.com/nfl/draft/player/_/id/8764",NA,NA,NA,NA,NA,NA,NA,NA,"7671cffe3932ddf5535d66b29b468983",229,75.75,17,251,46,NA
"44",2005,9078,"Walter Washington","Quarterback","QB","Temple","Owls","TEM","http://insider.espn.com/nfl/draft/player/_/id/9078",NA,NA,NA,NA,NA,NA,NA,NA,"fc7e07a15f78095e6478ff18837c6c1c",237,73.875,18,272,42,NA
"45",2005,8775,"Dustin Long","Quarterback","QB","Sam Houston State","Bearkats","SHSU","http://insider.espn.com/nfl/draft/player/_/id/8775",NA,NA,NA,NA,NA,NA,NA,NA,"acd4f9ed7553dbcec6c4b72d6048521b",208,74.5,19,301,37,NA
"46",2005,8791,"Craig Ochs","Quarterback","QB","Montana","Grizzlies","MONT","http://insider.espn.com/nfl/draft/player/_/id/8791",NA,NA,NA,NA,NA,NA,NA,NA,"266f2deba96802783ce393364c4c1a52",218,73.75,20,308,36,NA
"47",2005,8763,"Jared Allen","Quarterback","QB","Florida Atlantic","Owls","FAU","http://insider.espn.com/nfl/draft/player/_/id/8763",NA,NA,NA,NA,NA,NA,NA,NA,"47e95d2ed0d83319df842c2e0eded37c",218,74.25,21,326,33,NA
"48",2005,8761,"Darian Durant","Quarterback","QB",NA,NA,NA,"http://insider.espn.com/nfl/draft/player/_/id/8761",NA,NA,NA,NA,NA,NA,NA,NA,"a3e1be342979fa563eccad94b78982c1",215,71,22,345,31,NA
"49",2006,10300,"Vince Young","Quarterback","QB","Texas","Longhorns","TEX","http://insider.espn.com/nfl/draft/player/_/id/10300",3,3,1,FALSE,NA,"Tennessee Titans","TEN","https://a.espncdn.com/i/teamlogos/nfl/500/scoreboard/ten.png","8a566151926d25a918e430d6b24c70ac",229,77,2,7,97,NA
"50",2006,9237,"Matt Leinart","Quarterback","QB","USC","Trojans","USC","http://insider.espn.com/nfl/draft/player/_/id/9237",10,10,1,FALSE,NA,"Arizona Cardinals","ARI","https://a.espncdn.com/i/teamlogos/nfl/500/scoreboard/ari.png","aa355d378a68b11239e90dc057a5ce60",223,77,1,4,98,NA
"51",2006,9296,"Jay Cutler","Quarterback","QB","Vanderbilt","Commodores","VAN","http://insider.espn.com/nfl/draft/player/_/id/9296",11,11,1,FALSE,"from St. Louis","Denver Broncos","DEN","https://a.espncdn.com/i/teamlogos/nfl/500/scoreboard/den.png","0929f9fbf84fc27809aa42a850ec5b11",226,75,3,11,96,NA
"52",2006,9824,"Kellen Clemens","Quarterback","QB","Oregon","Ducks","ORE","http://insider.espn.com/nfl/draft/player/_/id/9824",17,49,2,FALSE,"from Dallas","New York Jets","NYJ","https://a.espncdn.com/i/teamlogos/nfl/500/scoreboard/nyj.png","d66f23dbd22473ae28398febd3427f1c",224,74,4,55,85,NA
"53",2006,10418,"Tarvaris Jackson","Quarterback","QB","Alabama State","Hornets","ALST","http://insider.espn.com/nfl/draft/player/_/id/10418",32,64,2,FALSE,"from Pittsburgh","Minnesota Vikings","MIN","https://a.espncdn.com/i/teamlogos/nfl/500/scoreboard/min.png","fc975ce1f6fef2024161b8ea62daed32",226,74,8,127,65,NA
"54",2006,9268,"Charlie Whitehurst","Quarterback","QB","Clemson","Tigers","CLEM","http://insider.espn.com/nfl/draft/player/_/id/9268",17,81,3,FALSE,NA,"San Diego Chargers","SD","https://a.espncdn.com/i/teamlogos/nfl/500/scoreboard/sd.png","0e811ba4444be2e39e92b1126611ce8c",223,77,6,76,77,NA
"55",2006,9322,"Brodie Croyle","Quarterback","QB","Alabama","Crimson Tide","ALA","http://insider.espn.com/nfl/draft/player/_/id/9322",21,85,3,FALSE,NA,"Kansas City Chiefs","KC","https://a.espncdn.com/i/teamlogos/nfl/500/scoreboard/kc.png","79c8a9cd853dd1f43337bb1b31b9a958",205,75,5,63,81,NA
"56",2006,9917,"Ingle Martin","Quarterback","QB","Furman","Paladins","FUR","http://insider.espn.com/nfl/draft/player/_/id/9917",15,148,5,FALSE,"from Atlanta","Green Bay Packers","GB","https://a.espncdn.com/i/teamlogos/nfl/500/scoreboard/gb.png",NA,220,74,17,NA,35,NA
"57",2006,10303,"Omar Jacobs","Quarterback","QB","Bowling Green","Falcons","BGSU","http://insider.espn.com/nfl/draft/player/_/id/10303",31,164,5,FALSE,NA,"Pittsburgh Steelers","PIT","https://a.espncdn.com/i/teamlogos/nfl/500/scoreboard/pit.png","b5386ea4bd86d6318ba106fb225e6271",232,76,7,96,72,NA
"58",2006,9190,"Bruce Gradkowski","Quarterback","QB","Toledo","Rockets","TOL","http://insider.espn.com/nfl/draft/player/_/id/9190",25,194,6,FALSE,"from N.Y. Giants","Tampa Bay Buccaneers","TB","https://a.espncdn.com/i/teamlogos/nfl/500/scoreboard/tb.png","a7bbfecc92be33f87ca0b56ff514d7f7",217,73,9,136,63,NA
"59",2006,9259,"D.J. Shockley","Quarterback","QB","Georgia","Bulldogs","UGA","http://insider.espn.com/nfl/draft/player/_/id/9259",15,223,7,FALSE,NA,"Atlanta Falcons","ATL","https://a.espncdn.com/i/teamlogos/nfl/500/scoreboard/atl.png","238800b8c22520f3ea463bcb522e9142",214,73,11,NA,59,NA
"60",2007,11405,"JaMarcus Russell","Quarterback","QB","LSU","Tigers","LSU","http://insider.espn.com/nfl/draft/player/_/id/11405",1,1,1,FALSE,NA,"Oakland Raiders","OAK","https://a.espncdn.com/i/teamlogos/nfl/500/scoreboard/oak.png","35a9c3f020cecde1433aa0b663eb1383",256,78,1,2,98,NA
"61",2007,10302,"Brady Quinn","Quarterback","QB","Notre Dame","Fighting Irish","ND","http://insider.espn.com/nfl/draft/player/_/id/10302",22,22,1,FALSE,"from Dallas","Cleveland Browns","CLE","https://a.espncdn.com/i/teamlogos/nfl/500/scoreboard/cle.png","28b64d2c0a09417a70b4e4feb6b7670c",232,76,2,7,97,NA
"62",2007,10870,"Kevin Kolb","Quarterback","QB","Houston","Cougars","HOU","http://insider.espn.com/nfl/draft/player/_/id/10870",4,36,2,FALSE,"from Cleveland through Dallas","Philadelphia Eagles","PHI","https://a.espncdn.com/i/teamlogos/nfl/500/scoreboard/phi.png","56314292d8a425dcc17442a8f133edcc",218,75,6,99,71,NA
"63",2007,10491,"John Beck","Quarterback","QB","BYU","Cougars","BYU","http://insider.espn.com/nfl/draft/player/_/id/10491",8,40,2,FALSE,NA,"Miami Dolphins","MIA","https://a.espncdn.com/i/teamlogos/nfl/500/scoreboard/mia.png","395352b5282afb79a4e3712a4fb4fbc7",215,74,4,43,86,NA
"64",2007,10301,"Drew Stanton","Quarterback","QB","Michigan State","Spartans","MSU","http://insider.espn.com/nfl/draft/player/_/id/10301",11,43,2,FALSE,"from Buffalo","Detroit Lions","DET","https://a.espncdn.com/i/teamlogos/nfl/500/scoreboard/det.png","f4b32bb99c140179189ab3da2cab3553",226,75,3,41,87,NA
"65",2007,10660,"Trent Edwards","Quarterback","QB","Stanford","Cardinal","STAN","http://insider.espn.com/nfl/draft/player/_/id/10660",28,92,3,FALSE,"from Baltimore","Buffalo Bills","BUF","https://a.espncdn.com/i/teamlogos/nfl/500/scoreboard/buf.png","d49f2d3bb0198e7b69f9fbfaa3c94792",231,76,5,44,85,NA
"66",2007,11165,"Isaiah Stanback","Quarterback","QB","Washington","Huskies","WASH","http://insider.espn.com/nfl/draft/player/_/id/11165",4,103,4,FALSE,"from Cleveland","Dallas Cowboys","DAL","https://a.espncdn.com/i/teamlogos/nfl/500/scoreboard/dal.png","efbfb0bc494ecaece4b0b10311f07c74",216,74,8,153,59,NA
"67",2007,11098,"Jeff Rowe","Quarterback","QB","Nevada","Wolf Pack","NEV","http://insider.espn.com/nfl/draft/player/_/id/11098",14,151,5,FALSE,NA,"Cincinnati Bengals","CIN","https://a.espncdn.com/i/teamlogos/nfl/500/scoreboard/cin.png","9099493267cd41e19069827be3fff717",226,77,13,242,39,NA
"68",2007,11150,"Troy Smith","Quarterback","QB","Ohio State","Buckeyes","OSU","http://insider.espn.com/nfl/draft/player/_/id/11150",37,174,5,FALSE,NA,"Baltimore Ravens","BAL","https://a.espncdn.com/i/teamlogos/nfl/500/scoreboard/bal.png","678c35f30cc2f77002f17087fb8fbccc",225,72,7,104,70,NA
"69",2007,11016,"Jordan Palmer","Quarterback","QB","UTEP","Miners","UTEP","http://insider.espn.com/nfl/draft/player/_/id/11016",31,205,6,FALSE,"from Chicago","Washington Redskins","WSH","https://a.espncdn.com/i/teamlogos/nfl/500/scoreboard/wsh.png","be68a7f659ad7fc36910ba715bb57f9a",231,78,12,219,44,NA
"70",2007,11200,"Tyler Thigpen","Quarterback","QB","Coastal Carolina","Chanticleers","CCAR","http://insider.espn.com/nfl/draft/player/_/id/11200",7,217,7,FALSE,NA,"Minnesota Vikings","MIN","https://a.espncdn.com/i/teamlogos/nfl/500/scoreboard/min.png","44c05a745bd93558558e77341c44c94d",216,74,47,NA,20,NA
"71",2007,10886,"Chris Leak","Quarterback","QB","Florida","Gators","FLA","http://insider.espn.com/nfl/draft/player/_/id/10886",NA,NA,NA,NA,NA,NA,NA,NA,"1ece43281a4a631d9029af3a886620f6",209,71.875,9,169,56,NA
"72",2007,11014,"Tyler Palko","Quarterback","QB","Pittsburgh","Panthers","PITT","http://insider.espn.com/nfl/draft/player/_/id/11014",NA,NA,NA,NA,NA,NA,NA,NA,"ed66227a54e3125346b4c27291b49c8c",215,73.375,10,192,50,NA
"73",2007,11305,"Jared Zabransky","Quarterback","QB","Boise State","Broncos","BSU","http://insider.espn.com/nfl/draft/player/_/id/11305",NA,NA,NA,NA,NA,NA,NA,NA,"41cf28d6f3f11d2146bbd6b7b8d33512",204,73.75,11,195,49,NA
"74",2007,10971,"Matt Moore","Quarterback","QB",NA,NA,NA,"http://insider.espn.com/nfl/draft/player/_/id/10971",NA,NA,NA,NA,NA,NA,NA,NA,"fec4a5a074293332afc021c366a96ea4",191,75.375,14,261,36,NA
"75",2007,11193,"Zac Taylor","Quarterback","QB","Nebraska","Cornhuskers","NEB","http://insider.espn.com/nfl/draft/player/_/id/11193",NA,NA,NA,NA,NA,NA,NA,NA,"d84ea9cc975a33d08a19d87b1bb1ddab",216,74.375,15,281,32,NA
"76",2007,11038,"James Pickney","Quarterback","QB","East Carolina","Pirates","ECU","http://insider.espn.com/nfl/draft/player/_/id/11038",NA,NA,NA,NA,NA,NA,NA,NA,NA,208,74.5,16,295,31,NA
"77",2008,11586,"Matt Ryan","Quarterback","QB","Boston College","Eagles","BC","http://insider.espn.com/nfl/draft/player/_/id/11586",3,3,1,FALSE,NA,"Atlanta Falcons","ATL","https://a.espncdn.com/i/teamlogos/nfl/500/scoreboard/atl.png","c79f38c2a37e5dfcdd3da91f4811b2cd",228,77,1,5,98,NA
"78",2008,11486,"Joe Flacco","Quarterback","QB","Delaware","Blue Hens","DEL","http://insider.espn.com/nfl/draft/player/_/id/11486",18,18,1,TRUE,"From Texans","Baltimore Ravens","BAL","https://a.espncdn.com/i/teamlogos/nfl/500/scoreboard/bal.png","cfd567df191e29cf0dc60bcf84085135",236,78,4,29,89,NA
"79",2008,12009,"Brian Brohm","Quarterback","QB","Louisville","Cardinals","LOU","http://insider.espn.com/nfl/draft/player/_/id/12009",25,56,2,FALSE,"From Browns","Green Bay Packers","GB","https://a.espncdn.com/i/teamlogos/nfl/500/scoreboard/gb.png","6c59128b58bb37bc74d0c14e528437c6",230,75,2,21,93,NA
"80",2008,12045,"Chad Henne","Quarterback","QB","Michigan","Wolverines","MICH","http://insider.espn.com/nfl/draft/player/_/id/12045",26,57,2,FALSE,"From Chargers","Miami Dolphins","MIA","https://a.espncdn.com/i/teamlogos/nfl/500/scoreboard/mia.png","84acd5b740f360ac73a89b96c0bfe022",230,75,3,27,90,NA
"81",2008,11708,"Kevin O'Connell","Quarterback","QB","San Diego State","Aztecs","SDSU","http://insider.espn.com/nfl/draft/player/_/id/11708",31,94,3,FALSE,NA,"New England Patriots","NE","https://a.espncdn.com/i/teamlogos/nfl/500/scoreboard/ne.png","44b95573741aa8ce43e24d9ce219475c",225,77,8,147,59,NA
"82",2008,11740,"John David Booty","Quarterback","QB","USC","Trojans","USC","http://insider.espn.com/nfl/draft/player/_/id/11740",2,137,5,TRUE,"From Rams through Packers","Minnesota Vikings","MIN","https://a.espncdn.com/i/teamlogos/nfl/500/scoreboard/min.png","c75bef252d3f439feeec9b8e63b35116",218,74,5,74,78,NA
"83",2008,11955,"Dennis Dixon","Quarterback","QB","Oregon","Ducks","ORE","http://insider.espn.com/nfl/draft/player/_/id/11955",21,156,5,FALSE,NA,"Pittsburgh Steelers","PIT","https://a.espncdn.com/i/teamlogos/nfl/500/scoreboard/pit.png","870467ff7c6e2079812cb0c7b00ecb4b",195,75,11,NA,45,NA
"84",2008,11706,"Josh Johnson","Quarterback","QB","San Diego","Toreros","USD","http://insider.espn.com/nfl/draft/player/_/id/11706",25,160,5,TRUE,"From Chargers through Patriots","Tampa Bay Buccaneers","TB","https://a.espncdn.com/i/teamlogos/nfl/500/scoreboard/tb.png","96322b1f0f693e12403e9c34305a58fb",213,75,9,NA,54,NA
"85",2008,11766,"Erik Ainge","Quarterback","QB","Tennessee","Volunteers","TENN","http://insider.espn.com/nfl/draft/player/_/id/11766",27,162,5,TRUE,"From Packers","New York Jets","NYJ","https://a.espncdn.com/i/teamlogos/nfl/500/scoreboard/nyj.png","1929d00fd8fe7d84b88299a4f87daade",225,78,7,117,66,NA
"86",2008,11634,"Colt Brennan","Quarterback","QB","Hawai'i","Rainbow Warriors","HAW","http://insider.espn.com/nfl/draft/player/_/id/11634",20,186,6,FALSE,NA,"Washington Redskins","WSH","https://a.espncdn.com/i/teamlogos/nfl/500/scoreboard/wsh.png","ad326006f10fbaa668f31e6a4eefda8d",207,74,12,NA,41,NA
"87",2008,11985,"Andre' Woodson","Quarterback","QB","Kentucky","Wildcats","UK","http://insider.espn.com/nfl/draft/player/_/id/11985",32,198,6,FALSE,NA,"New York Giants","NYG","https://a.espncdn.com/i/teamlogos/nfl/500/scoreboard/nyg.png","cb8aacb870269b19becacc04a6df94a4",229,76,6,97,71,NA
"88",2008,12001,"Matt Flynn","Quarterback","QB","LSU","Tigers","LSU","http://insider.espn.com/nfl/draft/player/_/id/12001",2,209,7,TRUE,"From Rams through Vikings","Green Bay Packers","GB","https://a.espncdn.com/i/teamlogos/nfl/500/scoreboard/gb.png","e4c5a1a0187a73bf97cb3d7d226f08d7",231,74,10,NA,48,NA
"89",2008,12203,"Alex Brink","Quarterback","QB","Washington State","Cougars","WSU","http://insider.espn.com/nfl/draft/player/_/id/12203",16,223,7,FALSE,NA,"Houston Texans","HOU","https://a.espncdn.com/i/teamlogos/nfl/500/scoreboard/hou.png","23e355f6b5fe116fc62ece4637aebf2f",211,74,25,NA,30,NA
"90",2009,24681,"Matthew Stafford","Quarterback","QB","Georgia","Bulldogs","UGA","http://insider.espn.com/nfl/draft/player/_/id/24681",1,1,1,FALSE,NA,"Detroit Lions","DET","https://a.espncdn.com/i/teamlogos/nfl/500/scoreboard/det.png","20c41c33a33f6dc27e1f0771e39ce49a",225,74,1,7,96,NA
"91",2009,24676,"Mark Sanchez","Quarterback","QB","USC","Trojans","USC","http://insider.espn.com/nfl/draft/player/_/id/24676",5,5,1,TRUE,"from Cleveland","New York Jets","NYJ","https://a.espncdn.com/i/teamlogos/nfl/500/scoreboard/nyj.png","254e85b1d83f3a90c134ff12b7fe28c5",227,74,2,8,95,NA
"92",2009,24693,"Josh Freeman","Quarterback","QB","Kansas State","Wildcats","KSU","http://insider.espn.com/nfl/draft/player/_/id/24693",17,17,1,TRUE,"from N.Y. Jets through Cleveland","Tampa Bay Buccaneers","TB","https://a.espncdn.com/i/teamlogos/nfl/500/scoreboard/tb.png","d7577625f11a8fea182617450ae29729",248,78,3,46,85,NA
"93",2009,24649,"Pat White","Quarterback","QB","West Virginia","Mountaineers","WVU","http://insider.espn.com/nfl/draft/player/_/id/24649",12,44,2,FALSE,"from Washington","Miami Dolphins","MIA","https://a.espncdn.com/i/teamlogos/nfl/500/scoreboard/mia.png","5eafbaa789670f3d8be87a9e8080aa83",197,72,4,67,79,NA
"94",2009,24059,"Stephen McGee","Quarterback","QB","Texas A&M","Aggies","TA&M","http://insider.espn.com/nfl/draft/player/_/id/24059",1,101,4,FALSE,"from Detroit","Dallas Cowboys","DAL","https://a.espncdn.com/i/teamlogos/nfl/500/scoreboard/dal.png","af3287aa0ed74bb06e7e55d0330359a2",225,75,7,172,54,NA
"95",2009,24352,"Rhett Bomar","Quarterback","QB","Sam Houston State","Bearkats","SHSU","http://insider.espn.com/nfl/draft/player/_/id/24352",15,151,5,FALSE,"from New Orleans","New York Giants","NYG","https://a.espncdn.com/i/teamlogos/nfl/500/scoreboard/nyg.png","d8eccfe0a2a020fc1d079c5b9ec56873",225,74,6,163,56,NA
"96",2009,24710,"Nate Davis","Quarterback","QB","Ball State","Cardinals","BALL","http://insider.espn.com/nfl/draft/player/_/id/24710",35,171,5,FALSE,"Compensatory selection","San Francisco 49ers","SF","https://a.espncdn.com/i/teamlogos/nfl/500/scoreboard/sf.png","17fd3d97cff26b8fc186b86efea90423",226,73,8,187,51,NA
"97",2009,24659,"Tom Brandstater","Quarterback","QB","Fresno State","Bulldogs","FRES","http://insider.espn.com/nfl/draft/player/_/id/24659",1,174,6,TRUE,"from Detroit","Denver Broncos","DEN","https://a.espncdn.com/i/teamlogos/nfl/500/scoreboard/den.png","1181339016bf0740f254bf8bcf77602c",220,77,9,214,47,NA
"98",2009,23947,"Mike Teel","Quarterback","QB","Rutgers","Scarlet Knights","RUTG","http://insider.espn.com/nfl/draft/player/_/id/23947",5,178,6,FALSE,NA,"Seattle Seahawks","SEA","https://a.espncdn.com/i/teamlogos/nfl/500/scoreboard/sea.png","40f143c0741b3cb8030c9fec7e121f95",230,75,28,NA,30,NA
"99",2009,24365,"Keith Null","Quarterback","QB","West Texas A&M","Buffaloes","WES","http://insider.espn.com/nfl/draft/player/_/id/24365",23,196,6,FALSE,"from Atlanta","St. Louis Rams","STL","https://a.espncdn.com/i/teamlogos/nfl/500/scoreboard/stl.png","ee376981b5dc69fbccba9253ca8c11ec",222,75,38,NA,30,NA
"100",2009,24344,"Curtis Painter","Quarterback","QB","Purdue","Boilermakers","PUR","http://insider.espn.com/nfl/draft/player/_/id/24344",28,201,6,FALSE,NA,"Indianapolis Colts","IND","https://a.espncdn.com/i/teamlogos/nfl/500/scoreboard/ind.png","ce45839fd59bd8bd1e77ef056956d5c3",225,75,13,NA,39,NA
"101",2009,23857,"Brian Hoyer","Quarterback","QB",NA,NA,NA,"http://insider.espn.com/nfl/draft/player/_/id/23857",NA,NA,NA,NA,NA,NA,NA,NA,"50d1f22b6d2e41288a25310f927c1565",215,74,5,135,60,NA
"102",2009,24604,"Hunter Cantwell","Quarterback","QB","Louisville","Cardinals","LOU","http://insider.espn.com/nfl/draft/player/_/id/24604",NA,NA,NA,NA,NA,NA,NA,NA,"5d18ab811899a61add337659481fb730",235,76.375,10,221,46,NA
"103",2009,24410,"Graham Harrell","Quarterback","QB","Texas Tech","Red Raiders","TTU","http://insider.espn.com/nfl/draft/player/_/id/24410",NA,NA,NA,NA,NA,NA,NA,NA,"5476d53b0fb2af3c3ddf4893be55a238",223,74.125,11,236,43,NA
"104",2009,24152,"John Parker Wilson","Quarterback","QB","Alabama","Crimson Tide","ALA","http://insider.espn.com/nfl/draft/player/_/id/24152",NA,NA,NA,NA,NA,NA,NA,NA,"2dac228f1ca1c574289eab7702715c48",219,73.5,12,250,40,NA
"105",2010,25545,"Sam Bradford","Quarterback","QB","Oklahoma","Sooners","OKLA","http://insider.espn.com/nfl/draft/player/_/id/25545",1,1,1,FALSE,NA,"St. Louis Rams","STL","https://a.espncdn.com/i/teamlogos/nfl/500/scoreboard/stl.png","247614195e555d9707fa246ea30440eb",236,76,1,3,97,NA
"106",2010,24889,"Tim Tebow","Quarterback","QB","Florida","Gators","FLA","http://insider.espn.com/nfl/draft/player/_/id/24889",25,25,1,TRUE,"from Baltimore","Denver Broncos","DEN","https://a.espncdn.com/i/teamlogos/nfl/500/scoreboard/den.png","8d2efb5dc098e2776a1e4c8e2cc7f3ad",236,75,4,65,78,NA
"107",2010,25716,"Jimmy Clausen","Quarterback","QB","Notre Dame","Fighting Irish","ND","http://insider.espn.com/nfl/draft/player/_/id/25716",16,48,2,FALSE,NA,"Carolina Panthers","CAR","https://a.espncdn.com/i/teamlogos/nfl/500/scoreboard/car.png","58d41ecabe5d578f314422fd0f59fba5",222,75,2,35,89,NA
"108",2010,25548,"Colt McCoy","Quarterback","QB","Texas","Longhorns","TEX","http://insider.espn.com/nfl/draft/player/_/id/25548",21,85,3,FALSE,"from New England through Oakland","Cleveland Browns","CLE","https://a.espncdn.com/i/teamlogos/nfl/500/scoreboard/cle.png","2bb9165399456ee0519ce02e85530450",216,73,3,44,86,NA
"109",2010,25179,"Michael Kafka","Quarterback","QB","Northwestern","Wildcats","NW","http://insider.espn.com/nfl/draft/player/_/id/25179",24,122,4,TRUE,"from Green Bay","Philadelphia Eagles","PHI","https://a.espncdn.com/i/teamlogos/nfl/500/scoreboard/phi.png","7ebddf1b8ee6bf0de6e5d329c74905e2",225,75,6,NA,59,NA
"110",2010,25321,"John Skelton","Quarterback","QB","Fordham","Rams","FOR","http://insider.espn.com/nfl/draft/player/_/id/25321",24,155,5,TRUE,"from Philadelphia through N.Y. Jets and Pittsburgh","Arizona Cardinals","ARI","https://a.espncdn.com/i/teamlogos/nfl/500/scoreboard/ari.png","32b39b906d03069ba448a1e96036e545",243,77,10,NA,50,NA
"111",2010,25811,"Jonathan Crompton","Quarterback","QB","Tennessee","Volunteers","TENN","http://insider.espn.com/nfl/draft/player/_/id/25811",37,168,5,FALSE,"Compensatory Pick","San Diego Chargers","SD","https://a.espncdn.com/i/teamlogos/nfl/500/scoreboard/sd.png","b0a01021be0d0c2dcb4ce3ea4978a789",222,75,14,NA,33,NA
"112",2010,25398,"Rusty Smith","Quarterback","QB","Florida Atlantic","Owls","FAU","http://insider.espn.com/nfl/draft/player/_/id/25398",7,176,6,TRUE,"from Seattle","Tennessee Titans","TEN","https://a.espncdn.com/i/teamlogos/nfl/500/scoreboard/ten.png","3619b5eead936897b42c72d6cba26e61",231,77,29,NA,30,NA
"113",2010,25394,"Dan LeFevour","Quarterback","QB","Central Michigan","Chippewas","CMU","http://insider.espn.com/nfl/draft/player/_/id/25394",12,181,6,FALSE,NA,"Chicago Bears","CHI","https://a.espncdn.com/i/teamlogos/nfl/500/scoreboard/chi.png","d55a8c6b6f87d24f441cd8b0da62db23",230,75,9,NA,54,NA
"114",2010,25810,"Joe Webb","Quarterback","QB","UAB","Blazers","UAB","http://insider.espn.com/nfl/draft/player/_/id/25810",30,199,6,FALSE,NA,"Minnesota Vikings","MIN","https://a.espncdn.com/i/teamlogos/nfl/500/scoreboard/min.png","ae7dc1f84f672f9bdbd4a95cded8cee7",223,75,22,NA,30,NA
"115",2010,25575,"Tony Pike","Quarterback","QB","Cincinnati","Bearcats","CIN","http://insider.espn.com/nfl/draft/player/_/id/25575",35,204,6,FALSE,"Compensatory Pick","Carolina Panthers","CAR","https://a.espncdn.com/i/teamlogos/nfl/500/scoreboard/car.png","b4414147f81a988b561bb30ed8b75371",223,78,5,86,73,NA
"116",2010,25709,"Levi Brown","Quarterback","QB","Troy","Trojans","TROY","http://insider.espn.com/nfl/draft/player/_/id/25709",2,209,7,FALSE,"from Detroit","Buffalo Bills","BUF","https://a.espncdn.com/i/teamlogos/nfl/500/scoreboard/buf.png","266f6b0e768836224692db13eeba4edb",229,76,7,NA,58,NA
"117",2010,25736,"Sean Canfield","Quarterback","QB","Oregon State","Beavers","ORST","http://insider.espn.com/nfl/draft/player/_/id/25736",32,239,7,FALSE,NA,"New Orleans Saints","NO","https://a.espncdn.com/i/teamlogos/nfl/500/scoreboard/no.png","1e01c59c8501e028b8d32542b09a3d3b",223,76,13,NA,38,NA
"118",2010,25570,"Zac Robinson","Quarterback","QB","Oklahoma State","Cowboys","OKST","http://insider.espn.com/nfl/draft/player/_/id/25570",43,250,7,FALSE,"Compensatory Pick","New England Patriots","NE","https://a.espncdn.com/i/teamlogos/nfl/500/scoreboard/ne.png","4855263f8bf2f1c6e4aefc73dffcff20",214,75,16,NA,30,NA
"119",2011,27308,"Cam Newton","Quarterback","QB","Auburn","Tigers","AUB","http://insider.espn.com/nfl/draft/player/_/id/27308",1,1,1,FALSE,NA,"Carolina Panthers","CAR","https://a.espncdn.com/i/teamlogos/nfl/500/scoreboard/car.png","5437b449f7f25df70177b5df4da18434",248,77,2,15,93,NA
"120",2011,26069,"Jake Locker","Quarterback","QB","Washington","Huskies","WASH","http://insider.espn.com/nfl/draft/player/_/id/26069",8,8,1,FALSE,NA,"Tennessee Titans","TEN","https://a.espncdn.com/i/teamlogos/nfl/500/scoreboard/ten.png","553d60bb8cfba38adb7e77be493df090",231,75,3,25,90,NA
"121",2011,27028,"Blaine Gabbert","Quarterback","QB","Missouri","Tigers","MIZ","http://insider.espn.com/nfl/draft/player/_/id/27028",10,10,1,TRUE,"from Washington","Jacksonville Jaguars","JAX","https://a.espncdn.com/i/teamlogos/nfl/500/scoreboard/jax.png","a65a53845d9e2ab3518c374ec13b8a9a",234,76,1,5,96,NA
"122",2011,27210,"Christian Ponder","Quarterback","QB","Florida State","Seminoles","FSU","http://insider.espn.com/nfl/draft/player/_/id/27210",12,12,1,FALSE,NA,"Minnesota Vikings","MIN","https://a.espncdn.com/i/teamlogos/nfl/500/scoreboard/min.png","578b73605cd216f8dfd4e89a4925e0ed",229,74,5,45,85,NA
"123",2011,26122,"Andy Dalton","Quarterback","QB","TCU","Horned Frogs","TCU","http://insider.espn.com/nfl/draft/player/_/id/26122",3,35,2,FALSE,NA,"Cincinnati Bengals","CIN","https://a.espncdn.com/i/teamlogos/nfl/500/scoreboard/cin.png","10080fc5c043a458e54d428c18555089",215,74,4,40,86,NA
"124",2011,26167,"Colin Kaepernick","Quarterback","QB","Nevada","Wolf Pack","NEV","http://insider.espn.com/nfl/draft/player/_/id/26167",4,36,2,TRUE,"from Denver","San Francisco 49ers","SF","https://a.espncdn.com/i/teamlogos/nfl/500/scoreboard/sf.png","a6e4b09b982b2a71bcaa53b48324f314",233,77,7,57,81,NA
"125",2011,26080,"Ryan Mallett","Quarterback","QB","Arkansas","Razorbacks","ARK","http://insider.espn.com/nfl/draft/player/_/id/26080",10,74,3,FALSE,"from Minnesota","New England Patriots","NE","https://a.espncdn.com/i/teamlogos/nfl/500/scoreboard/ne.png","4d7a440ab1d2ffef3df54693999c0f5f",253,79,6,54,82,NA
"126",2011,26154,"Ricky Stanzi","Quarterback","QB","Iowa","Hawkeyes","IOWA","http://insider.espn.com/nfl/draft/player/_/id/26154",4,135,5,FALSE,"from Denver through Tampa Bay","Kansas City Chiefs","KC","https://a.espncdn.com/i/teamlogos/nfl/500/scoreboard/kc.png","9112b6afdb1ab269bb0d3496be45ec5a",223,76,8,87,75,NA
"127",2011,27302,"T.J. Yates","Quarterback","QB","North Carolina","Tar Heels","UNC","http://insider.espn.com/nfl/draft/player/_/id/27302",21,152,5,TRUE,"from Indianapolis through Washington","Houston Texans","HOU","https://a.espncdn.com/i/teamlogos/nfl/500/scoreboard/hou.png","9d30715a60a106ebbc221d0d56e8d0ee",221,76,11,209,46,NA
"128",2011,27272,"Nathan Enderle","Quarterback","QB","Idaho","Vandals","IDHO","http://insider.espn.com/nfl/draft/player/_/id/27272",29,160,5,FALSE,NA,"Chicago Bears","CHI","https://a.espncdn.com/i/teamlogos/nfl/500/scoreboard/chi.png","dfe14b065b3e12bfcbf3d7799c1a6cc9",240,76,12,227,43,NA
"129",2011,27229,"Tyrod Taylor","Quarterback","QB","Virginia Tech","Hokies","VT","http://insider.espn.com/nfl/draft/player/_/id/27229",15,180,6,FALSE,"from St. Louis","Baltimore Ravens","BAL","https://a.espncdn.com/i/teamlogos/nfl/500/scoreboard/bal.png","93cc8c928d085c8880eba0b20a7621d7",216,73,9,150,60,NA
"130",2011,26219,"Greg McElroy","Quarterback","QB","Alabama","Crimson Tide","ALA","http://insider.espn.com/nfl/draft/player/_/id/26219",5,208,7,FALSE,"from Arizona","New York Jets","NYJ","https://a.espncdn.com/i/teamlogos/nfl/500/scoreboard/nyj.png","1419033e55c79c93b40a0128add95ca6",220,74,10,196,49,NA
"131",2011,26105,"Pat Devlin","Quarterback","QB","Delaware","Blue Hens","DEL","http://insider.espn.com/nfl/draft/player/_/id/26105",NA,NA,NA,NA,NA,NA,NA,NA,"f1114a8c34d4307e2118b0a8c37fe51d",225,75.375,13,256,38,NA
"132",2011,27111,"Scott Tolzien","Quarterback","QB",NA,NA,NA,"http://insider.espn.com/nfl/draft/player/_/id/27111",NA,NA,NA,NA,NA,NA,NA,NA,"c70a9a27f82a84b00705dae20e2a0bfc",209,74,14,297,32,NA
"133",2011,27116,"Taylor Potts","Quarterback","QB","Texas Tech","Red Raiders","TTU","http://insider.espn.com/nfl/draft/player/_/id/27116",NA,NA,NA,NA,NA,NA,NA,NA,"719413a840e49ae64298c92f147b7a81",220,76,15,312,31,NA
"134",2012,28325,"Andrew Luck","Quarterback","QB","Stanford","Cardinal","STAN","http://insider.espn.com/nfl/draft/player/_/id/28325",1,1,1,FALSE,NA,"Indianapolis Colts","IND","https://a.espncdn.com/i/teamlogos/nfl/500/scoreboard/ind.png","0cb04bda4717537a9b8ca18c96df7ab1",234,76,1,1,99,NA
"135",2012,28956,"Robert Griffin III","Quarterback","QB","Baylor","Bears","BAY","http://insider.espn.com/nfl/draft/player/_/id/28956",2,2,1,FALSE,"Swap from St. Louis","Washington Redskins","WSH","https://a.espncdn.com/i/teamlogos/nfl/500/scoreboard/wsh.png","cfd9b6ef8d5ca561129676749e0ba170",231,74,2,2,97,NA
"136",2012,28393,"Ryan Tannehill","Quarterback","QB","Texas A&M","Aggies","TA&M","http://insider.espn.com/nfl/draft/player/_/id/28393",8,8,1,FALSE,NA,"Miami Dolphins","MIA","https://a.espncdn.com/i/teamlogos/nfl/500/scoreboard/mia.png","2d6af5dcb3d3e2d4cf7227d4a8eb93cd",221,76,3,12,94,NA
"137",2012,28779,"Brandon Weeden","Quarterback","QB","Oklahoma State","Cowboys","OKST","http://insider.espn.com/nfl/draft/player/_/id/28779",22,22,1,FALSE,"From Atlanta","Cleveland Browns","CLE","https://a.espncdn.com/i/teamlogos/nfl/500/scoreboard/cle.png","5458e891981d84473a952876734c26b1",221,76,5,48,86,NA
"138",2012,29000,"Brock Osweiler","Quarterback","QB","Arizona State","Sun Devils","ASU","http://insider.espn.com/nfl/draft/player/_/id/29000",25,57,2,FALSE,NA,"Denver Broncos","DEN","https://a.espncdn.com/i/teamlogos/nfl/500/scoreboard/den.png","3d7c436a8126afaa87fe730c57fc9ce6",242,79,4,42,87,NA
"139",2012,28525,"Russell Wilson","Quarterback","QB","Wisconsin","Badgers","WIS","http://insider.espn.com/nfl/draft/player/_/id/28525",12,75,3,FALSE,NA,"Seattle Seahawks","SEA","https://a.espncdn.com/i/teamlogos/nfl/500/scoreboard/sea.png","f0610946ceb69a993bcccf110b2078b5",204,71,8,104,69,NA
"140",2012,27468,"Nick Foles","Quarterback","QB","Arizona","Wildcats","ARIZ","http://insider.espn.com/nfl/draft/player/_/id/27468",25,88,3,FALSE,"from Houston","Philadelphia Eagles","PHI","https://a.espncdn.com/i/teamlogos/nfl/500/scoreboard/phi.png","0a977ad1142ca3ddddd03c40f1b68fdd",243,77,6,54,84,NA
"141",2012,28010,"Kirk Cousins","Quarterback","QB","Michigan State","Spartans","MSU","http://insider.espn.com/nfl/draft/player/_/id/28010",7,102,4,FALSE,NA,"Washington Redskins","WSH","https://a.espncdn.com/i/teamlogos/nfl/500/scoreboard/wsh.png","53bec012c2edbc7ca8d5438611f9faa1",214,75,7,57,83,NA
"142",2012,28260,"Ryan Lindley","Quarterback","QB","San Diego State","Aztecs","SDSU","http://insider.espn.com/nfl/draft/player/_/id/28260",15,185,6,FALSE,NA,"Arizona Cardinals","ARI","https://a.espncdn.com/i/teamlogos/nfl/500/scoreboard/ari.png","b9327aada10bd670e12e58fbc27680d3",229,76,10,244,37,NA
"143",2012,28378,"B.J. Coleman","Quarterback","QB","Chattanooga","Mocs","CHAT","http://insider.espn.com/nfl/draft/player/_/id/28378",36,243,7,FALSE,"compensatory","Green Bay Packers","GB","https://a.espncdn.com/i/teamlogos/nfl/500/scoreboard/gb.png","17788de0cdd7fbd51d8aa901b22886c1",233,75,12,NA,32,NA
"144",2012,28139,"Chandler Harnish","Quarterback","QB","Northern Illinois","Huskies","NIU","http://insider.espn.com/nfl/draft/player/_/id/28139",46,253,7,FALSE,NA,"Indianapolis Colts","IND","https://a.espncdn.com/i/teamlogos/nfl/500/scoreboard/ind.png","d778694c61ce971b3aa6ab675d745624",219,74,11,NA,33,NA
"145",2012,28606,"Kellen Moore","Quarterback","QB",NA,NA,NA,"http://insider.espn.com/nfl/draft/player/_/id/28606",NA,NA,NA,NA,NA,NA,NA,NA,"250dcf37c94ca9d58d0cb2acb8dfe800",197,72,9,216,42,NA
"146",2013,30224,"EJ Manuel","Quarterback","QB","Florida State","Seminoles","FSU","http://insider.espn.com/nfl/draft/player/_/id/30224",16,16,1,TRUE,"from St. Louis","Buffalo Bills","BUF","https://a.espncdn.com/i/teamlogos/nfl/500/scoreboard/buf.png","d36cde41d9db0d52f7676d886fadca74",237,77,6,77,76,NA
"147",2013,29965,"Geno Smith","Quarterback","QB","West Virginia","Mountaineers","WVU","http://insider.espn.com/nfl/draft/player/_/id/29965",7,39,2,FALSE,NA,"New York Jets","NYJ","https://a.espncdn.com/i/teamlogos/nfl/500/scoreboard/nyj.png","593e3c582b92e0f1f4a884215e27f023",218,74,1,28,89,NA
"148",2013,29224,"Mike Glennon","Quarterback","QB","NC State","Wolfpack","NCST","http://insider.espn.com/nfl/draft/player/_/id/29224",11,73,3,FALSE,NA,"Tampa Bay Buccaneers","TB","https://a.espncdn.com/i/teamlogos/nfl/500/scoreboard/tb.png","a1bb10e7cb3be4452a17dddb1458bb57",225,79,5,74,77,NA
"149",2013,29232,"Matt Barkley","Quarterback","QB","USC","Trojans","USC","http://insider.espn.com/nfl/draft/player/_/id/29232",1,98,4,TRUE,"from Jacksonville","Philadelphia Eagles","PHI","https://a.espncdn.com/i/teamlogos/nfl/500/scoreboard/phi.png","75ce4ce9a2c0e00f97f26945289b2d11",227,75,3,43,87,NA
"150",2013,29300,"Ryan Nassib","Quarterback","QB","Syracuse","Orange","SYR","http://insider.espn.com/nfl/draft/player/_/id/29300",13,110,4,TRUE,"from Arizona via San Diego","New York Giants","NYG","https://a.espncdn.com/i/teamlogos/nfl/500/scoreboard/nyg.png","f0ebf412ff6d3a6e233414a1f9f3e206",227,74,2,36,88,NA
"151",2013,29967,"Tyler Wilson","Quarterback","QB","Arkansas","Razorbacks","ARK","http://insider.espn.com/nfl/draft/player/_/id/29967",15,112,4,FALSE,"from Tampa Bay","Oakland Raiders","OAK","https://a.espncdn.com/i/teamlogos/nfl/500/scoreboard/oak.png","5e5391353131fb34ee350afd017dee5b",215,74,4,72,78,NA
"152",2013,29956,"Landry Jones","Quarterback","QB","Oklahoma","Sooners","OKLA","http://insider.espn.com/nfl/draft/player/_/id/29956",18,115,4,FALSE,NA,"Pittsburgh Steelers","PIT","https://a.espncdn.com/i/teamlogos/nfl/500/scoreboard/pit.png","2889cca8c02d2664e1cd7fd45aeae085",225,76,8,90,74,NA
"153",2013,29288,"Brad Sorensen","Quarterback","QB","Southern Utah","Thunderbirds","SUU","http://insider.espn.com/nfl/draft/player/_/id/29288",15,221,7,FALSE,NA,"San Diego Chargers","SD","https://a.espncdn.com/i/teamlogos/nfl/500/scoreboard/sd.png","3358676e336c1cbb8fd58ea62b7745c2",229,77,17,NA,30,NA
"154",2013,29975,"Zac Dysert","Quarterback","QB","Miami (OH)","RedHawks","M-OH","http://insider.espn.com/nfl/draft/player/_/id/29975",28,234,7,FALSE,NA,"Denver Broncos","DEN","https://a.espncdn.com/i/teamlogos/nfl/500/scoreboard/den.png","d24fca6583af19528716e95bd5e9bd5e",231,75,7,83,75,NA
"155",2013,30157,"Sean Renfree","Quarterback","QB","Duke","Blue Devils","DUKE","http://insider.espn.com/nfl/draft/player/_/id/30157",43,249,7,FALSE,"Compensatory Selection","Atlanta Falcons","ATL","https://a.espncdn.com/i/teamlogos/nfl/500/scoreboard/atl.png","9bbb096973d09cff160ccf9644d68c55",219,75,11,206,50,NA
"156",2013,30056,"Matt Scott","Quarterback","QB","Arizona","Wildcats","ARIZ","http://insider.espn.com/nfl/draft/player/_/id/30056",NA,NA,NA,NA,NA,NA,NA,NA,"8ee5a040085f0acc250d67ef7328542d",213,74.125,9,103,71,NA
"157",2013,29972,"Tyler Bray","Quarterback","QB","Tennessee","Volunteers","TENN","http://insider.espn.com/nfl/draft/player/_/id/29972",NA,NA,NA,NA,NA,NA,NA,NA,"3203bda79948b5b8354a670a10a853c4",232,78.125,10,131,65,NA
"158",2013,29691,"Ryan Griffin","Quarterback","QB","Tulane","Green Wave","TULN","http://insider.espn.com/nfl/draft/player/_/id/29691",NA,NA,NA,NA,NA,NA,NA,NA,"d59d7de02ca319b85d4cf8f09a403648",216,75.875,12,221,48,NA
"159",2014,34717,"Blake Bortles","Quarterback","QB","UCF","Knights","UCF","http://insider.espn.com/nfl/draft/player/_/id/34717",3,3,1,FALSE,NA,"Jacksonville Jaguars","JAX","https://a.espncdn.com/i/teamlogos/nfl/500/scoreboard/jax.png","71ac24a6d3424966b5c6f006808d0d9c",232,77,1,18,91,NA
"160",2014,33057,"Johnny Manziel","Quarterback","QB","Texas A&M","Aggies","TA&M","http://insider.espn.com/nfl/draft/player/_/id/33057",22,22,1,TRUE,"from Philadelphia","Cleveland Browns","CLE","https://a.espncdn.com/i/teamlogos/nfl/500/scoreboard/cle.png","bc593af0c2516c0209eec0ecbd65a3fb",207,72,2,22,90,NA
"161",2014,33598,"Teddy Bridgewater","Quarterback","QB","Louisville","Cardinals","LOU","http://insider.espn.com/nfl/draft/player/_/id/33598",32,32,1,TRUE,"From Seattle","Minnesota Vikings","MIN","https://a.espncdn.com/i/teamlogos/nfl/500/scoreboard/min.png","4e962f5292a95839fa4ff68ffbedc962",214,74,3,28,89,NA
"162",2014,32176,"Derek Carr","Quarterback","QB","Fresno State","Bulldogs","FRES","http://insider.espn.com/nfl/draft/player/_/id/32176",4,36,2,FALSE,NA,"Oakland Raiders","OAK","https://a.espncdn.com/i/teamlogos/nfl/500/scoreboard/oak.png","50d25930fd5f311dd93213e5ab467ff7",214,74,7,95,68,NA
"163",2014,33695,"Jimmy Garoppolo","Quarterback","QB","Eastern Illinois","Panthers","EIU","http://insider.espn.com/nfl/draft/player/_/id/33695",30,62,2,FALSE,NA,"New England Patriots","NE","https://a.espncdn.com/i/teamlogos/nfl/500/scoreboard/ne.png","1d58c0548e0e1f6e726702ec9679f43f",226,74,4,50,82,NA
"164",2014,33064,"Logan Thomas","Quarterback","QB","Virginia Tech","Hokies","VT","http://insider.espn.com/nfl/draft/player/_/id/33064",20,120,4,FALSE,NA,"Arizona Cardinals","ARI","https://a.espncdn.com/i/teamlogos/nfl/500/scoreboard/ari.png","107276cf1865c106aa0c0f12f8f99a82",248,78,10,126,61,NA
"165",2014,33173,"Tom Savage","Quarterback","QB","Pittsburgh","Panthers","PITT","http://insider.espn.com/nfl/draft/player/_/id/33173",35,135,4,FALSE,"Compensatory","Houston Texans","HOU","https://a.espncdn.com/i/teamlogos/nfl/500/scoreboard/hou.png","45a8da1b0a3af96e219c6f1682d69acd",228,76,6,68,75,NA
"166",2014,34147,"Aaron Murray","Quarterback","QB","Georgia","Bulldogs","UGA","http://insider.espn.com/nfl/draft/player/_/id/34147",23,163,5,FALSE,NA,"Kansas City Chiefs","KC","https://a.espncdn.com/i/teamlogos/nfl/500/scoreboard/kc.png","b89deaf8b68882871ac8c823e33fa770",207,73,9,122,62,NA
"167",2014,34118,"AJ McCarron","Quarterback","QB","Alabama","Crimson Tide","ALA","http://insider.espn.com/nfl/draft/player/_/id/34118",24,164,5,FALSE,NA,"Cincinnati Bengals","CIN","https://a.espncdn.com/i/teamlogos/nfl/500/scoreboard/cin.png","d06f3109b034d70bfe8a34cb5f1aea73",220,75,5,60,78,NA
"168",2014,33654,"Zach Mettenberger","Quarterback","QB","LSU","Tigers","LSU","http://insider.espn.com/nfl/draft/player/_/id/33654",2,178,6,TRUE,"from Washington","Tennessee Titans","TEN","https://a.espncdn.com/i/teamlogos/nfl/500/scoreboard/ten.png","3c24bcbd465face0ea784a01741c1ca0",224,77,11,132,60,NA
"169",2014,34154,"David Fales","Quarterback","QB","San Jose State","Spartans","SJSU","http://insider.espn.com/nfl/draft/player/_/id/34154",7,183,6,FALSE,"Trade from Tampa Bay","Chicago Bears","CHI","https://a.espncdn.com/i/teamlogos/nfl/500/scoreboard/chi.png","2adf0b0ed6a384ec6f4a122eb55f1ae6",212,74,8,121,63,NA
"170",2014,33171,"Keith Wenning","Quarterback","QB","Ball State","Cardinals","BALL","http://insider.espn.com/nfl/draft/player/_/id/33171",18,194,6,FALSE,NA,"Baltimore Ravens","BAL","https://a.espncdn.com/i/teamlogos/nfl/500/scoreboard/bal.png","46732071068fcb1cf4c42786fa785682",218,75,14,235,42,NA
"171",2014,34121,"Tajh Boyd","Quarterback","QB","Clemson","Tigers","CLEM","http://insider.espn.com/nfl/draft/player/_/id/34121",37,213,6,FALSE,"Compensatory","New York Jets","NYJ","https://a.espncdn.com/i/teamlogos/nfl/500/scoreboard/nyj.png","63967a3dfb6543748de62749809d2e70",222,73,15,254,39,NA
"172",2014,34780,"Garrett Gilbert","Quarterback","QB","SMU","Mustangs","SMU","http://insider.espn.com/nfl/draft/player/_/id/34780",38,214,6,FALSE,"Compensatory","St. Louis Rams","STL","https://a.espncdn.com/i/teamlogos/nfl/500/scoreboard/stl.png","f1bb5437fce02893d82d66a671add31a",220,76,16,315,31,NA
"173",2014,34702,"Stephen Morris","Quarterback","QB","Miami","Hurricanes","MIAMI","http://insider.espn.com/nfl/draft/player/_/id/34702",NA,NA,NA,NA,NA,NA,NA,NA,"24c368f7fcee1d02cc7d8163a5b97fd6",213,73.875,12,204,47,NA
"174",2014,33170,"Connor Shaw","Quarterback","QB","South Carolina","Gamecocks","SC","http://insider.espn.com/nfl/draft/player/_/id/33170",NA,NA,NA,NA,NA,NA,NA,NA,"f454ce0ad0119f828c0011c9f8c7558c",206,72.375,13,216,45,NA
"175",2015,46810,"Jameis Winston","Quarterback","QB","Florida State","Seminoles","FSU","http://insider.espn.com/nfl/draft/player/_/id/46810",1,1,1,FALSE,NA,"Tampa Bay Buccaneers","TB","https://a.espncdn.com/i/teamlogos/nfl/500/scoreboard/tb.png","57af2581cec9d5a32afe7a719925f78b",231,76,1,1,97,NA
"176",2015,46814,"Marcus Mariota","Quarterback","QB","Oregon","Ducks","ORE","http://insider.espn.com/nfl/draft/player/_/id/46814",2,2,1,FALSE,NA,"Tennessee Titans","TEN","https://a.espncdn.com/i/teamlogos/nfl/500/scoreboard/ten.png","33be1f4ad81275b97b7c5319d2a7113a",222,76,2,5,93,NA
"177",2015,46930,"Garrett Grayson","Quarterback","QB","Colorado State","Rams","CSU","http://insider.espn.com/nfl/draft/player/_/id/46930",11,75,3,FALSE,NA,"New Orleans Saints","NO","https://a.espncdn.com/i/teamlogos/nfl/500/scoreboard/no.png","cfc8effa342ccbf2cd3f32f1a8e7ccfe",213,75,5,121,65,NA
"178",2015,46917,"Sean Mannion","Quarterback","QB","Oregon State","Beavers","ORST","http://insider.espn.com/nfl/draft/player/_/id/46917",25,89,3,TRUE,"from CAR","St. Louis Rams","STL","https://a.espncdn.com/i/teamlogos/nfl/500/scoreboard/stl.png","5d349e390e012c2b66899cb4dd0e0e76",229,78,4,108,68,NA
"179",2015,46890,"Bryce Petty","Quarterback","QB","Baylor","Bears","BAY","http://insider.espn.com/nfl/draft/player/_/id/46890",4,103,4,TRUE,"from JAC","New York Jets","NYJ","https://a.espncdn.com/i/teamlogos/nfl/500/scoreboard/nyj.png","c017d1d6b8ad7ac80895d6690c0c87bc",230,75,3,81,73,NA
"180",2015,46951,"Brett Hundley","Quarterback","QB","UCLA","Bruins","UCLA","http://insider.espn.com/nfl/draft/player/_/id/46951",11,147,5,TRUE,"from CLE through NE","Green Bay Packers","GB","https://a.espncdn.com/i/teamlogos/nfl/500/scoreboard/gb.png","26eb73bec3fc9eb2555e7c3a01a5bc9d",226,75,6,142,59,NA
"181",2015,47228,"Trevor Siemian","Quarterback","QB","Northwestern","Wildcats","NW","http://insider.espn.com/nfl/draft/player/_/id/47228",33,250,7,FALSE,"Compensatory","Denver Broncos","DEN","https://a.espncdn.com/i/teamlogos/nfl/500/scoreboard/den.png","4dae14bf5100094c87f74ec55519c08f",220,75,24,NA,30,NA
"182",2015,47038,"Shane Carden","Quarterback","QB","East Carolina","Pirates","ECU","http://insider.espn.com/nfl/draft/player/_/id/47038",NA,NA,NA,NA,NA,NA,NA,NA,"45b17a32e89e9c411be3b9d778c9a2dd",218,73.875,7,229,42,NA
"183",2015,47088,"Bryan Bennett","Quarterback","QB","Southeastern Louisiana","Lions","SELA","http://insider.espn.com/nfl/draft/player/_/id/47088",NA,NA,NA,NA,NA,NA,NA,NA,NA,211,74.25,8,279,36,NA
"184",2015,47097,"Connor Halliday","Quarterback","QB","Washington State","Cougars","WSU","http://insider.espn.com/nfl/draft/player/_/id/47097",NA,NA,NA,NA,NA,NA,NA,NA,"7601ad70f383ff7822e757010b6519af",196,75,9,288,35,NA
"185",2015,47123,"Anthony Boone","Quarterback","QB","Duke","Blue Devils","DUKE","http://insider.espn.com/nfl/draft/player/_/id/47123",NA,NA,NA,NA,NA,NA,NA,NA,"8ce488f06c9079f312abf3b921fcb6ab",231,72.25,10,314,32,NA
"186",2015,47136,"Brandon Bridge","Quarterback","QB","South Alabama","Jaguars","USA","http://insider.espn.com/nfl/draft/player/_/id/47136",NA,NA,NA,NA,NA,NA,NA,NA,"6224cd24d6e3ed0409996763d8e1fc04",229,76.375,11,327,31,NA
"187",2016,49986,"Jared Goff","Quarterback","QB","California","Golden Bears","CAL","http://insider.espn.com/nfl/draft/player/_/id/49986",1,1,1,FALSE,"From TEN","Los Angeles Rams","LAR","https://a.espncdn.com/i/teamlogos/nfl/500/scoreboard/lar.png","987f4f39ed6f591557ebec7dc356171c",215,76,2,11,91,NA
"188",2016,49988,"Carson Wentz","Quarterback","QB","North Dakota State","Bison","NDSU","http://insider.espn.com/nfl/draft/player/_/id/49988",2,2,1,FALSE,"From CLE","Philadelphia Eagles","PHI","https://a.espncdn.com/i/teamlogos/nfl/500/scoreboard/phi.png","ed28fa2c63a18258b6b0618e79d3e363",237,77,1,10,91,NA
"189",2016,49985,"Paxton Lynch","Quarterback","QB","Memphis","Tigers","MEM","http://insider.espn.com/nfl/draft/player/_/id/49985",26,26,1,TRUE,"From SEA","Denver Broncos","DEN","https://a.espncdn.com/i/teamlogos/nfl/500/scoreboard/den.png","f5d62cc6e82794ef2bdfb165099f35e0",244,79,3,38,85,NA
"190",2016,49989,"Christian Hackenberg","Quarterback","QB","Penn State","Nittany Lions","PSU","http://insider.espn.com/nfl/draft/player/_/id/49989",20,51,2,FALSE,NA,"New York Jets","NYJ","https://a.espncdn.com/i/teamlogos/nfl/500/scoreboard/nyj.png","057f00998fc8828652b248d7a99c3f41",223,76,5,49,81,NA
"191",2016,49990,"Jacoby Brissett","Quarterback","QB","NC State","Wolfpack","NCST","http://insider.espn.com/nfl/draft/player/_/id/49990",28,91,3,FALSE,NA,"New England Patriots","NE","https://a.espncdn.com/i/teamlogos/nfl/500/scoreboard/ne.png","efcb42e50bef62d1b58bdbc17fde2479",231,76,7,109,68,NA
"192",2016,49991,"Cody Kessler","Quarterback","QB","USC","Trojans","USC","http://insider.espn.com/nfl/draft/player/_/id/49991",30,93,3,TRUE,"From CAR","Cleveland Browns","CLE","https://a.espncdn.com/i/teamlogos/nfl/500/scoreboard/cle.png","3c75884248483dafde0620ca5109f5ce",220,73,10,209,50,NA
"193",2016,49987,"Connor Cook","Quarterback","QB","Michigan State","Spartans","MSU","http://insider.espn.com/nfl/draft/player/_/id/49987",2,100,4,TRUE,"From CLE through PHI and TEN","Oakland Raiders","OAK","https://a.espncdn.com/i/teamlogos/nfl/500/scoreboard/oak.png","0acf47c0437603413910a079feb0b551",217,76,4,40,84,NA
"194",2016,49992,"Dak Prescott","Quarterback","QB","Mississippi State","Bulldogs","MSST","http://insider.espn.com/nfl/draft/player/_/id/49992",37,135,4,FALSE,"Compensatory","Dallas Cowboys","DAL","https://a.espncdn.com/i/teamlogos/nfl/500/scoreboard/dal.png","5f09781b6b0b7325049ba91e60d794e6",226,74,12,230,48,NA
"195",2016,49993,"Cardale Jones","Quarterback","QB","Ohio State","Buckeyes","OSU","http://insider.espn.com/nfl/draft/player/_/id/49993",41,139,4,FALSE,"Compensatory","Buffalo Bills","BUF","https://a.espncdn.com/i/teamlogos/nfl/500/scoreboard/buf.png","fb6de2db3a75614677b951a4d078ae5d",253,77,13,235,47,NA
"196",2016,49998,"Kevin Hogan","Quarterback","QB","Stanford","Cardinal","STAN","http://insider.espn.com/nfl/draft/player/_/id/49998",23,162,5,FALSE,"From SEA","Kansas City Chiefs","KC","https://a.espncdn.com/i/teamlogos/nfl/500/scoreboard/kc.png","02a92ccdd3ba2455bf17768aeeb8c44b",218,75,9,200,52,NA
"197",2016,50000,"Nate Sudfeld","Quarterback","QB","Indiana","Hoosiers","IND","http://insider.espn.com/nfl/draft/player/_/id/50000",12,187,6,FALSE,"From NO","Washington Redskins","WSH","https://a.espncdn.com/i/teamlogos/nfl/500/scoreboard/wsh.png","d54bf1c252c3e7ab4a86073d8e862704",234,78,8,160,59,NA
"198",2016,50003,"Jake Rudock","Quarterback","QB","Michigan","Wolverines","MICH","http://insider.espn.com/nfl/draft/player/_/id/50003",16,191,6,FALSE,NA,"Detroit Lions","DET","https://a.espncdn.com/i/teamlogos/nfl/500/scoreboard/det.png","bf74043bcfcb6e2a638dc95b10f7214c",207,75,17,335,32,NA
"199",2016,50001,"Brandon Allen","Quarterback","QB","Arkansas","Razorbacks","ARK","http://insider.espn.com/nfl/draft/player/_/id/50001",26,201,6,FALSE,"From PIT","Jacksonville Jaguars","JAX","https://a.espncdn.com/i/teamlogos/nfl/500/scoreboard/jax.png","2ea2fede122061252acfb4ce3713c7f1",217,73,6,105,69,NA
"200",2016,49999,"Jeff Driskel","Quarterback","QB","Louisiana Tech","Bulldogs","LT","http://insider.espn.com/nfl/draft/player/_/id/49999",32,207,6,FALSE,"From DEN","San Francisco 49ers","SF","https://a.espncdn.com/i/teamlogos/nfl/500/scoreboard/sf.png","380f6109c598c64d12939df852a1940f",234,76,11,214,49,NA
"201",2016,50002,"Brandon Doughty","Quarterback","QB","Western Kentucky","Hilltoppers","WKU","http://insider.espn.com/nfl/draft/player/_/id/50002",2,223,7,TRUE,"From CLE","Miami Dolphins","MIA","https://a.espncdn.com/i/teamlogos/nfl/500/scoreboard/mia.png","61b92d9914fd7148aa20e513d8159380",213,75,14,272,39,NA
"202",2016,50004,"Josh Woodrum","Quarterback","QB","Liberty","Flames","LIB","http://insider.espn.com/nfl/draft/player/_/id/50004",NA,NA,NA,NA,NA,NA,NA,NA,"66c2df48554322646d4d9f0f487cc0c0",231,74.875,15,315,34,NA
"203",2016,50517,"Vernon Adams Jr.","Quarterback","QB","Oregon","Ducks","ORE","http://insider.espn.com/nfl/draft/player/_/id/50517",NA,NA,NA,NA,NA,NA,NA,NA,"34abf24401b50d7cc8d38e8ff5ae49ba",200,70.875,16,322,33,NA
"204",2016,49996,"Mike Bercovici","Quarterback","QB","Arizona State","Sun Devils","ASU","http://insider.espn.com/nfl/draft/player/_/id/49996",NA,NA,NA,NA,NA,NA,NA,NA,"97713ffa3e3b081d429fa06ed3bb06d4",206,72.5,18,352,31,NA
"205",2017,51705,"Mitchell Trubisky","Quarterback","QB","North Carolina","Tar Heels","UNC","http://insider.espn.com/nfl/draft/player/_/id/51705",2,2,1,TRUE,"From SF","Chicago Bears","CHI","https://a.espncdn.com/i/teamlogos/nfl/500/scoreboard/chi.png","bcf9133c2510f4530f0bc68c1a5d0af7",222,74,1,27,89,"https://a.espncdn.com/i/headshots/nfldraft/players/full/51705.png"
"206",2017,52092,"Patrick Mahomes","Quarterback","QB","Texas Tech","Red Raiders","TTU","http://insider.espn.com/nfl/draft/player/_/id/52092",10,10,1,TRUE,"From BUF","Kansas City Chiefs","KC","https://a.espncdn.com/i/teamlogos/nfl/500/scoreboard/kc.png","37d87523280a9d4a0adb22cfc6d3619c",225,74,3,44,85,"https://a.espncdn.com/i/headshots/nfldraft/players/full/52092.png"
"207",2017,51563,"Deshaun Watson","Quarterback","QB","Clemson","Tigers","CLEM","http://insider.espn.com/nfl/draft/player/_/id/51563",12,12,1,TRUE,"From PHI through CLE","Houston Texans","HOU","https://a.espncdn.com/i/teamlogos/nfl/500/scoreboard/hou.png","b6ec8e9e3d85a1de9d0a5a51621a9c20",221,75,2,28,88,"https://a.espncdn.com/i/headshots/nfldraft/players/full/51563.png"
"208",2017,51681,"DeShone Kizer","Quarterback","QB","Notre Dame","Fighting Irish","ND","http://insider.espn.com/nfl/draft/player/_/id/51681",20,52,2,TRUE,"From TEN","Cleveland Browns","CLE","https://a.espncdn.com/i/teamlogos/nfl/500/scoreboard/cle.png","ca09bb4eb8c4c00f635abab6346d2eb2",233,76,4,54,82,"https://a.espncdn.com/i/headshots/nfldraft/players/full/51681.png"
"209",2017,51680,"Davis Webb","Quarterback","QB","California","Golden Bears","CAL","http://insider.espn.com/nfl/draft/player/_/id/51680",23,87,3,FALSE,NA,"New York Giants","NYG","https://a.espncdn.com/i/teamlogos/nfl/500/scoreboard/nyg.png","bc6c0ac5f9c791170f76f39b5c8d85a6",229,77,7,95,73,"https://a.espncdn.com/i/headshots/nfldraft/players/full/51680.png"
"210",2017,51564,"C.J. Beathard","Quarterback","QB","Iowa","Hawkeyes","IOWA","http://insider.espn.com/nfl/draft/player/_/id/51564",40,104,3,TRUE,"Compensatory from KC through MIN","San Francisco 49ers","SF","https://a.espncdn.com/i/teamlogos/nfl/500/scoreboard/sf.png","b7900f2ec45d6bab7785f65b3f24dd83",219,75,9,156,59,"https://a.espncdn.com/i/headshots/nfldraft/players/full/51564.png"
"211",2017,51565,"Joshua Dobbs","Quarterback","QB","Tennessee","Volunteers","TENN","http://insider.espn.com/nfl/draft/player/_/id/51565",29,135,4,FALSE,NA,"Pittsburgh Steelers","PIT","https://a.espncdn.com/i/teamlogos/nfl/500/scoreboard/pit.png","84563f7de787f55ce6348beffea80a7b",216,75,5,63,79,"https://a.espncdn.com/i/headshots/nfldraft/players/full/51565.png"
"212",2017,51779,"Nathan Peterman","Quarterback","QB","Pittsburgh","Panthers","PITT","http://insider.espn.com/nfl/draft/player/_/id/51779",28,171,5,TRUE,"From DAL","Buffalo Bills","BUF","https://a.espncdn.com/i/teamlogos/nfl/500/scoreboard/buf.png","074ee98cbabc2a77e9b96688a89761d8",226,75,6,69,77,"https://a.espncdn.com/i/headshots/nfldraft/players/full/51779.png"
"213",2017,51567,"Brad Kaaya","Quarterback","QB","Miami","Hurricanes","MIAMI","http://insider.espn.com/nfl/draft/player/_/id/51567",32,215,6,TRUE,"From NE","Detroit Lions","DET","https://a.espncdn.com/i/teamlogos/nfl/500/scoreboard/det.png","8c5f3bcf094e628136fc64e125c865d8",214,76,8,116,69,"https://a.espncdn.com/i/headshots/nfldraft/players/full/51567.png"
"214",2017,51568,"Chad Kelly","Quarterback","QB","Ole Miss","Rebels","MISS","http://insider.espn.com/nfl/draft/player/_/id/51568",35,253,7,FALSE,"Compensatory","Denver Broncos","DEN","https://a.espncdn.com/i/teamlogos/nfl/500/scoreboard/den.png","234e1fd878a3b5653c79197cd965cbd9",228,74,11,328,32,"https://a.espncdn.com/i/headshots/nfldraft/players/full/51568.png"
"215",2017,52048,"Alek Torgersen","Quarterback","QB","Penn","Quakers","PENN","http://insider.espn.com/nfl/draft/player/_/id/52048",NA,NA,NA,NA,NA,NA,NA,NA,"ae2e645bc255327753a7653f5f6df383",218,74.375,10,308,35,NA
"216",2017,51569,"Mitch Leidner","Quarterback","QB","Minnesota","Golden Gophers","MINN","http://insider.espn.com/nfl/draft/player/_/id/51569",NA,NA,NA,NA,NA,NA,NA,NA,"47b03632ca84827203b29edd6ff73a23",226,75.5,12,338,31,NA
"217",2018,101525,"Baker Mayfield","Quarterback","QB","Oklahoma","Sooners","OKLA","http://insider.espn.com/nfl/draft/player/_/id/101525",1,1,1,FALSE,NA,"Cleveland Browns","CLE","https://a.espncdn.com/i/teamlogos/nfl/500/scoreboard/cle.png","5bb4376ad089e3e4e49a44f1d709a012",215,73,4,11,91,"https://a.espncdn.com/i/headshots/nfldraft/players/full/101525.png"
"218",2018,101504,"Sam Darnold","Quarterback","QB","USC","Trojans","USC","http://insider.espn.com/nfl/draft/player/_/id/101504",3,3,1,TRUE,"From IND","New York Jets","NYJ","https://a.espncdn.com/i/teamlogos/nfl/500/scoreboard/nyj.png","938f19a1ef9b618c2365d55291e0fcc6",221,75,1,4,94,"https://a.espncdn.com/i/headshots/nfldraft/players/full/101504.png"
"219",2018,101505,"Josh Allen","Quarterback","QB","Wyoming","Cowboys","WYO","http://insider.espn.com/nfl/draft/player/_/id/101505",7,7,1,TRUE,"From TB","Buffalo Bills","BUF","https://a.espncdn.com/i/teamlogos/nfl/500/scoreboard/buf.png","853f876854bd6a4fcb1063d6df1e7742",237,77,3,10,92,"https://a.espncdn.com/i/headshots/nfldraft/players/full/101505.png"
"220",2018,101506,"Josh Rosen","Quarterback","QB","UCLA","Bruins","UCLA","http://insider.espn.com/nfl/draft/player/_/id/101506",10,10,1,TRUE,"From OAK","Arizona Cardinals","ARI","https://a.espncdn.com/i/teamlogos/nfl/500/scoreboard/ari.png","18aee0bacaace2d3f457f878d08ad443",226,76,2,9,92,"https://a.espncdn.com/i/headshots/nfldraft/players/full/101506.png"
"221",2018,101568,"Lamar Jackson","Quarterback","QB","Louisville","Cardinals","LOU","http://insider.espn.com/nfl/draft/player/_/id/101568",32,32,1,TRUE,"From PHI","Baltimore Ravens","BAL","https://a.espncdn.com/i/teamlogos/nfl/500/scoreboard/bal.png","7d76fbb11c5ed9f4954fcad43f720ae2",216,74,5,29,87,"https://a.espncdn.com/i/headshots/nfldraft/players/full/101568.png"
"222",2018,101545,"Mason Rudolph","Quarterback","QB","Oklahoma State","Cowboys","OKST","http://insider.espn.com/nfl/draft/player/_/id/101545",12,76,3,TRUE,"From SEA thru GB","Pittsburgh Steelers","PIT","https://a.espncdn.com/i/teamlogos/nfl/500/scoreboard/pit.png","779f3cff73ebdcb6132748a95fa9d491",235,77,6,62,79,"https://a.espncdn.com/i/headshots/nfldraft/players/full/101545.png"
"223",2018,101735,"Kyle Lauletta","Quarterback","QB","Richmond","Spiders","RICH","http://insider.espn.com/nfl/draft/player/_/id/101735",8,108,4,TRUE,"From TB","New York Giants","NYG","https://a.espncdn.com/i/teamlogos/nfl/500/scoreboard/nyg.png","1ab4a0e5e5659e2c16a10e4e8ceca43b",222,75,7,66,78,"https://a.espncdn.com/i/headshots/nfldraft/players/full/101735.png"
"224",2018,101717,"Mike White","Quarterback","QB","Western Kentucky","Hilltoppers","WKU","http://insider.espn.com/nfl/draft/player/_/id/101717",34,171,5,FALSE,"Compensatory","Dallas Cowboys","DAL","https://a.espncdn.com/i/teamlogos/nfl/500/scoreboard/dal.png","ee3f0150f39c6b39e3fa1c0d94ec5288",224,77,9,120,68,"https://a.espncdn.com/i/headshots/nfldraft/players/full/101717.png"
"225",2018,101541,"Luke Falk","Quarterback","QB","Washington State","Cougars","WSU","http://insider.espn.com/nfl/draft/player/_/id/101541",25,199,6,FALSE,NA,"Tennessee Titans","TEN","https://a.espncdn.com/i/teamlogos/nfl/500/scoreboard/ten.png","c4e503681d90c1f573100427b795a213",215,76,8,96,71,"https://a.espncdn.com/i/headshots/nfldraft/players/full/101541.png"
"226",2018,101764,"Tanner Lee","Quarterback","QB","Nebraska","Cornhuskers","NEB","http://insider.espn.com/nfl/draft/player/_/id/101764",29,203,6,FALSE,NA,"Jacksonville Jaguars","JAX","https://a.espncdn.com/i/teamlogos/nfl/500/scoreboard/jax.png","f454b70b1ccbdf5969baf6d4119dd15d",218,76,12,235,45,"https://a.espncdn.com/i/headshots/nfldraft/players/full/101764.png"
"227",2018,102020,"Danny Etling","Quarterback","QB","LSU","Tigers","LSU","http://insider.espn.com/nfl/draft/player/_/id/102020",1,219,7,TRUE,"From CLE","New England Patriots","NE","https://a.espncdn.com/i/teamlogos/nfl/500/scoreboard/ne.png","1a9224d5da0988876eb8c2811da9edfb",222,75,25,NA,30,NA
"228",2018,102585,"Alex Mcgough","Quarterback","QB","Florida Intl","Golden Panthers","FIU","http://insider.espn.com/nfl/draft/player/_/id/102585",2,220,7,TRUE,"From PIT thru NYG","Seattle Seahawks","SEA","https://a.espncdn.com/i/teamlogos/nfl/500/scoreboard/sea.png","ba526f73e06437def48a1456b8673f8f",212,75,38,NA,30,NA
"229",2018,101859,"Logan Woodside","Quarterback","QB","Toledo","Rockets","TOL","http://insider.espn.com/nfl/draft/player/_/id/101859",31,249,7,TRUE,"From NE","Cincinnati Bengals","CIN","https://a.espncdn.com/i/teamlogos/nfl/500/scoreboard/cin.png","7f08aa3b19d32f9e5eec9e0428b1eedb",213,73,10,210,51,"https://a.espncdn.com/i/headshots/nfldraft/players/full/101859.png"
"230",2018,101828,"Kyle Allen","Quarterback","QB","Houston","Cougars","HOU","http://insider.espn.com/nfl/draft/player/_/id/101828",NA,NA,NA,NA,NA,NA,NA,NA,"5ce7c1f8b2be23104d44ad43e67c8175",211,75,11,216,50,"https://a.espncdn.com/i/headshots/nfldraft/players/full/101828.png"
"231",2018,101829,"Chase Litton","Quarterback","QB","Marshall","Thundering Herd","MRSH","http://insider.espn.com/nfl/draft/player/_/id/101829",NA,NA,NA,NA,NA,NA,NA,NA,"8014af8775e31b5c241bd20056eb111e",232,77,13,245,44,"https://a.espncdn.com/i/headshots/nfldraft/players/full/101829.png"
"232",2018,101616,"Kurt Benkert","Quarterback","QB","Virginia","Cavaliers","UVA","http://insider.espn.com/nfl/draft/player/_/id/101616",NA,NA,NA,NA,NA,NA,NA,NA,"d49e21765cf2a8d29f5e7ad513d5f8bb",218,74.625,14,249,43,"https://a.espncdn.com/i/headshots/nfldraft/players/full/101616.png"
"233",2018,101591,"Riley Ferguson","Quarterback","QB","Memphis","Tigers","MEM","http://insider.espn.com/nfl/draft/player/_/id/101591",NA,NA,NA,NA,NA,NA,NA,NA,"6bb6b55ba40a94a2a7242c46dca17e7d",212,74.75,15,307,34,"https://a.espncdn.com/i/headshots/nfldraft/players/full/101591.png"
"234",2018,101864,"Austin Allen","Quarterback","QB","Arkansas","Razorbacks","ARK","http://insider.espn.com/nfl/draft/player/_/id/101864",NA,NA,NA,NA,NA,NA,NA,NA,"9d2a3253d0a1fb92963c99af0fefa889",209,72,16,337,31,"https://a.espncdn.com/i/headshots/nfldraft/players/full/101864.png"
"235",2019,103832,"Kyler Murray","Quarterback","QB","Oklahoma","Sooners","OKLA","http://insider.espn.com/nfl/draft/player/_/id/103832",1,1,1,FALSE,NA,"Arizona Cardinals","ARI","https://a.espncdn.com/i/teamlogos/nfl/500/scoreboard/ari.png","9bef707dd33f266b302081900d735915",207,70,1,9,90,"https://a.espncdn.com/i/headshots/nfldraft/players/full/103832.png"
"236",2019,103572,"Daniel Jones","Quarterback","QB","Duke","Blue Devils","DUKE","http://insider.espn.com/nfl/draft/player/_/id/103572",6,6,1,FALSE,NA,"New York Giants","NYG","https://a.espncdn.com/i/teamlogos/nfl/500/scoreboard/nyg.png","5ad1bcc257bcbb72bcd00cdd0d945444",221,77,6,59,80,"https://a.espncdn.com/i/headshots/nfldraft/players/full/103572.png"
"237",2019,103560,"Dwayne Haskins","Quarterback","QB","Ohio State","Buckeyes","OSU","http://insider.espn.com/nfl/draft/player/_/id/103560",15,15,1,FALSE,NA,"Washington","WSH","https://a.espncdn.com/i/teamlogos/nfl/500/scoreboard/wsh.png","d017f7f7ce5d8c0fe459c00b2c6af2fc",231,75,2,15,90,"https://a.espncdn.com/i/headshots/nfldraft/players/full/103560.png"
"238",2019,103589,"Drew Lock","Quarterback","QB","Missouri","Tigers","MIZ","http://insider.espn.com/nfl/draft/player/_/id/103589",10,42,2,TRUE,"From CIN","Denver Broncos","DEN","https://a.espncdn.com/i/teamlogos/nfl/500/scoreboard/den.png","0b8ae860a9096cdbdb2d8e3fe1b28d83",228,76,3,24,89,"https://a.espncdn.com/i/headshots/nfldraft/players/full/103589.png"
"239",2019,103539,"Will Grier","Quarterback","QB","West Virginia","Mountaineers","WVU","http://insider.espn.com/nfl/draft/player/_/id/103539",36,100,3,FALSE,"Compensatory Selection","Carolina Panthers","CAR","https://a.espncdn.com/i/teamlogos/nfl/500/scoreboard/car.png","92748175fa4fe94ea1a2d4c2600cecb1",217,75,7,124,68,"https://a.espncdn.com/i/headshots/nfldraft/players/full/103539.png"
"240",2019,103552,"Ryan Finley","Quarterback","QB","NC State","Wolfpack","NCST","http://insider.espn.com/nfl/draft/player/_/id/103552",2,104,4,TRUE,"From SF","Cincinnati Bengals","CIN","https://a.espncdn.com/i/teamlogos/nfl/500/scoreboard/cin.png","5410d574f5acab91f877829d6019c252",213,76,4,30,88,"https://a.espncdn.com/i/headshots/nfldraft/players/full/103552.png"
"241",2019,103564,"Jarrett Stidham","Quarterback","QB","Auburn","Tigers","AUB","http://insider.espn.com/nfl/draft/player/_/id/103564",31,133,4,TRUE,"From LAR","New England Patriots","NE","https://a.espncdn.com/i/teamlogos/nfl/500/scoreboard/ne.png","c3f93f4100ba23ad2faaf54f6b9dff33",218,74,5,56,81,"https://a.espncdn.com/i/headshots/nfldraft/players/full/103564.png"
"242",2019,103813,"Easton Stick","Quarterback","QB","North Dakota State","Bison","NDSU","http://insider.espn.com/nfl/draft/player/_/id/103813",28,166,5,FALSE,NA,"Los Angeles Chargers","LAC","https://a.espncdn.com/i/teamlogos/nfl/500/scoreboard/lac.png","a6b7d4889fffe11c3a7d995c27018755",224,73,13,330,35,NA
"243",2019,103610,"Clayton Thorson","Quarterback","QB","Northwestern","Wildcats","NW","http://insider.espn.com/nfl/draft/player/_/id/103610",29,167,5,TRUE,"From NE via LAR and KC","Philadelphia Eagles","PHI","https://a.espncdn.com/i/teamlogos/nfl/500/scoreboard/phi.png","ab959d82527bace883619ac18f442c32",222,76,9,138,65,"https://a.espncdn.com/i/headshots/nfldraft/players/full/103610.png"
"244",2019,103586,"Gardner Minshew","Quarterback","QB","Washington State","Cougars","WSU","http://insider.espn.com/nfl/draft/player/_/id/103586",5,178,6,FALSE,NA,"Jacksonville Jaguars","JAX","https://a.espncdn.com/i/teamlogos/nfl/500/scoreboard/jax.png","a64e025b8608fd26e1f8df83133d7a59",225,73,10,240,49,"https://a.espncdn.com/i/headshots/nfldraft/players/full/103586.png"
"245",2019,103637,"Trace McSorley","Quarterback","QB","Penn State","Nittany Lions","PSU","http://insider.espn.com/nfl/draft/player/_/id/103637",24,197,6,TRUE,"From PHI","Baltimore Ravens","BAL","https://a.espncdn.com/i/teamlogos/nfl/500/scoreboard/bal.png","6342b3e8f130e038d39c532d5a41054e",202,72,11,259,46,"https://a.espncdn.com/i/headshots/nfldraft/players/full/103637.png"
"246",2019,103883,"Tyree Jackson","Quarterback","QB","Buffalo","Bulls","BUFF","http://insider.espn.com/nfl/draft/player/_/id/103883",NA,NA,NA,NA,NA,NA,NA,NA,"ee347cc4e0315a0116744c8ff1b63bb4",249,79,8,136,66,"https://a.espncdn.com/i/headshots/nfldraft/players/full/103883.png"
"247",2019,103701,"Brett Rypien","Quarterback","QB","Boise State","Broncos","BSU","http://insider.espn.com/nfl/draft/player/_/id/103701",NA,NA,NA,NA,NA,NA,NA,NA,"9ce1e563bb5d140ea70829340957d32f",210,73.625,12,309,38,"https://a.espncdn.com/i/headshots/nfldraft/players/full/103701.png"
"248",2020,104204,"Joe Burrow","Quarterback","QB","LSU","Tigers","LSU","http://insider.espn.com/nfl/draft/player/_/id/104204",1,1,1,FALSE,NA,"Cincinnati Bengals","CIN","https://a.espncdn.com/i/teamlogos/nfl/500/scoreboard/cin.png","e6957db55b2ea82dc788d889115d9772",221,76,1,2,94,"https://a.espncdn.com/i/headshots/nfldraft/players/full/104204.png"
"249",2020,104093,"Tua Tagovailoa","Quarterback","QB","Alabama","Crimson Tide","ALA","http://insider.espn.com/nfl/draft/player/_/id/104093",5,5,1,FALSE,NA,"Miami Dolphins","MIA","https://a.espncdn.com/i/teamlogos/nfl/500/scoreboard/mia.png","3858bbe06348e3ef5d9f2dd2acb46f44",217,72,2,7,93,"https://a.espncdn.com/i/headshots/nfldraft/players/full/104093.png"
"250",2020,104099,"Justin Herbert","Quarterback","QB","Oregon","Ducks","ORE","http://insider.espn.com/nfl/draft/player/_/id/104099",6,6,1,FALSE,NA,"Los Angeles Chargers","LAC","https://a.espncdn.com/i/teamlogos/nfl/500/scoreboard/lac.png","ec880cbc1490cdae548ff844104974ae",236,78,4,24,89,"https://a.espncdn.com/i/headshots/nfldraft/players/full/104099.png"
"251",2020,104199,"Jordan Love","Quarterback","QB","Utah State","Aggies","USU","http://insider.espn.com/nfl/draft/player/_/id/104199",26,26,1,TRUE,"From HOU through MIA","Green Bay Packers","GB","https://a.espncdn.com/i/teamlogos/nfl/500/scoreboard/gb.png","f19ea9a5ca4d79b93e49543e438cd336",224,76,3,20,90,"https://a.espncdn.com/i/headshots/nfldraft/players/full/104199.png"
"252",2020,104214,"Jalen Hurts","Quarterback","QB","Oklahoma","Sooners","OKLA","http://insider.espn.com/nfl/draft/player/_/id/104214",21,53,2,FALSE,NA,"Philadelphia Eagles","PHI","https://a.espncdn.com/i/teamlogos/nfl/500/scoreboard/phi.png","caceb80c6350a1079fcf7c7bd1b4edd8",222,73,7,94,70,"https://a.espncdn.com/i/headshots/nfldraft/players/full/104214.png"
"253",2020,104196,"Jacob Eason","Quarterback","QB","Washington","Huskies","WASH","http://insider.espn.com/nfl/draft/player/_/id/104196",16,122,4,FALSE,NA,"Indianapolis Colts","IND","https://a.espncdn.com/i/teamlogos/nfl/500/scoreboard/ind.png","22c8fe738dcaea7c8ddd9e1f1b8fccbf",231,78,6,56,81,"https://a.espncdn.com/i/headshots/nfldraft/players/full/104196.png"
"254",2020,104646,"James Morgan","Quarterback","QB","Florida International","Panthers","FIU","http://insider.espn.com/nfl/draft/player/_/id/104646",19,125,4,TRUE,"From CHI through NE","New York Jets","NYJ","https://a.espncdn.com/i/teamlogos/nfl/500/scoreboard/nyj.png","2d98566410ac3cb32955c5f22fc9cefe",229,76,10,171,54,"https://a.espncdn.com/i/headshots/nfldraft/players/full/104646.png"
"255",2020,104128,"Jake Fromm","Quarterback","QB","Georgia","Bulldogs","UGA","http://insider.espn.com/nfl/draft/player/_/id/104128",22,167,5,FALSE,NA,"Buffalo Bills","BUF","https://a.espncdn.com/i/teamlogos/nfl/500/scoreboard/buf.png","b910f6e3c258652a2140f460878334ff",219,74,5,54,82,"https://a.espncdn.com/i/headshots/nfldraft/players/full/104128.png"
"256",2020,104628,"Jake Luton","Quarterback","QB","Oregon State","Beavers","ORST","http://insider.espn.com/nfl/draft/player/_/id/104628",10,189,6,FALSE,NA,"Jacksonville Jaguars","JAX","https://a.espncdn.com/i/teamlogos/nfl/500/scoreboard/jax.png","6e66f765c09f1e6d9a6b1baa94800acf",224,78,11,204,47,"https://a.espncdn.com/i/headshots/nfldraft/players/full/104628.png"
"257",2020,104459,"Cole McDonald","Quarterback","QB","Hawai'i","Rainbow Warriors","HAW","http://insider.espn.com/nfl/draft/player/_/id/104459",10,224,7,TRUE,"From CLE","Tennessee Titans","TEN","https://a.espncdn.com/i/teamlogos/nfl/500/scoreboard/ten.png","fcec5c08e994308550bc831d16bd06e1",215,75,12,213,45,"https://a.espncdn.com/i/headshots/nfldraft/players/full/104459.png"
"258",2020,104154,"Nate Stanley","Quarterback","QB","Iowa","Hawkeyes","IOWA","http://insider.espn.com/nfl/draft/player/_/id/104154",30,244,7,TRUE,"From GB through CLE and NO","Minnesota Vikings","MIN","https://a.espncdn.com/i/teamlogos/nfl/500/scoreboard/min.png","af96cd4b24abfc12a855f1644324c654",235,76,9,159,56,"https://a.espncdn.com/i/headshots/nfldraft/players/full/104154.png"
"259",2020,104233,"Anthony Gordon","Quarterback","QB","Washington State","Cougars","WSU","http://insider.espn.com/nfl/draft/player/_/id/104233",NA,NA,NA,NA,NA,NA,NA,NA,"972702fdd91bb9aa5cc869b06092f2e6",205,74.375,8,155,57,"https://a.espncdn.com/i/headshots/nfldraft/players/full/104233.png"
"260",2020,104229,"Steven Montez","Quarterback","QB","Colorado","Buffaloes","COLO","http://insider.espn.com/nfl/draft/player/_/id/104229",NA,NA,NA,NA,NA,NA,NA,NA,"a6b089aeff708fe356f588daea9e9c13",231,76,13,228,41,"https://a.espncdn.com/i/headshots/nfldraft/players/full/104229.png"
"261",2020,104143,"Brian Lewerke","Quarterback","QB","Michigan State","Spartans","MSU","http://insider.espn.com/nfl/draft/player/_/id/104143",NA,NA,NA,NA,NA,NA,NA,NA,"1b618238ce99ffd1b956bb5be7c6da1a",213,74.5,14,266,36,"https://a.espncdn.com/i/headshots/nfldraft/players/full/104143.png"
"262",2020,104629,"Tyler Huntley","Quarterback","QB","Utah","Utes","UTAH","http://insider.espn.com/nfl/draft/player/_/id/104629",NA,NA,NA,NA,NA,NA,NA,NA,"749ba0ed1951e15de7085e95557294de",205,73,15,267,36,"https://a.espncdn.com/i/headshots/nfldraft/players/full/104629.png"
"263",2020,104549,"Shea Patterson","Quarterback","QB","Michigan","Wolverines","MICH","http://insider.espn.com/nfl/draft/player/_/id/104549",NA,NA,NA,NA,NA,NA,NA,NA,"45087e2e6d5caf561a3825719e5bdc64",212,72.875,16,299,31,"https://a.espncdn.com/i/headshots/nfldraft/players/full/104549.png"
"264",2021,104734,"Trevor Lawrence","Quarterback","QB","Clemson","Tigers","CLEM","http://insider.espn.com/nfl/draft/player/_/id/104734",1,1,1,FALSE,NA,"Jacksonville Jaguars","JAX","https://a.espncdn.com/i/teamlogos/nfl/500/scoreboard/jax.png","76111495d1d92333170d4206eebe673f",213,78,1,1,97,"https://a.espncdn.com/i/headshots/nfldraft/players/full/104734.png"
"265",2021,104933,"Zach Wilson","Quarterback","QB","BYU","Cougars","BYU","http://insider.espn.com/nfl/draft/player/_/id/104933",2,2,1,FALSE,NA,"New York Jets","NYJ","https://a.espncdn.com/i/teamlogos/nfl/500/scoreboard/nyj.png","2430b06b1be60b7a6a3bcef2c06d1c61",214,74,2,4,93,"https://a.espncdn.com/i/headshots/nfldraft/players/full/104933.png"
"266",2021,104742,"Trey Lance","Quarterback","QB","North Dakota State","Bison","NDSU","http://insider.espn.com/nfl/draft/player/_/id/104742",3,3,1,TRUE,"From HOU through MIA","San Francisco 49ers","SF","https://a.espncdn.com/i/teamlogos/nfl/500/scoreboard/sf.png","74e9bc8a9d3aa55619245112f665c677",224,76,3,9,92,"https://a.espncdn.com/i/headshots/nfldraft/players/full/104742.png"
"267",2021,104739,"Justin Fields","Quarterback","QB","Ohio State","Buckeyes","OSU","http://insider.espn.com/nfl/draft/player/_/id/104739",11,11,1,TRUE,"From NYG","Chicago Bears","CHI","https://a.espncdn.com/i/teamlogos/nfl/500/scoreboard/chi.png","7e9fbd60951e2d9a8d8cb3f1ab6c4a4d",227,75,4,11,91,"https://a.espncdn.com/i/headshots/nfldraft/players/full/104739.png"
"268",2021,104935,"Mac Jones","Quarterback","QB","Alabama","Crimson Tide","ALA","http://insider.espn.com/nfl/draft/player/_/id/104935",15,15,1,FALSE,NA,"New England Patriots","NE","https://a.espncdn.com/i/teamlogos/nfl/500/scoreboard/ne.png","1b10c3ae12ed70355b1e4512832b6efc",217,75,5,15,90,"https://a.espncdn.com/i/headshots/nfldraft/players/full/104935.png"
"269",2021,105144,"Kyle Trask","Quarterback","QB","Florida","Gators","FLA","http://insider.espn.com/nfl/draft/player/_/id/105144",32,64,2,FALSE,NA,"Tampa Bay Buccaneers","TB","https://a.espncdn.com/i/teamlogos/nfl/500/scoreboard/tb.png","15de87c34f4d81be45f382033cb0b8bb",236,77,7,65,78,"https://a.espncdn.com/i/headshots/nfldraft/players/full/105144.png"
"270",2021,104791,"Kellen Mond","Quarterback","QB","Texas A&M","Aggies","TA&M","http://insider.espn.com/nfl/draft/player/_/id/104791",2,66,3,TRUE,"From NYJ","Minnesota Vikings","MIN","https://a.espncdn.com/i/teamlogos/nfl/500/scoreboard/min.png","5af745537fcb196091b04b47e04fb0c7",211,75,8,67,77,"https://a.espncdn.com/i/headshots/nfldraft/players/full/104791.png"
"271",2021,105275,"Davis Mills","Quarterback","QB","Stanford","Cardinal","STAN","http://insider.espn.com/nfl/draft/player/_/id/105275",3,67,3,FALSE,NA,"Houston Texans","HOU","https://a.espncdn.com/i/teamlogos/nfl/500/scoreboard/hou.png","591160f851557183076fa4bf2e0b4ca7",217,76,6,63,79,"https://a.espncdn.com/i/headshots/nfldraft/players/full/105275.png"
"272",2021,105150,"Ian Book","Quarterback","QB","Notre Dame","Fighting Irish","ND","http://insider.espn.com/nfl/draft/player/_/id/105150",28,133,4,FALSE,NA,"New Orleans Saints","NO","https://a.espncdn.com/i/teamlogos/nfl/500/scoreboard/no.png","510fa7104a068535e085a6cbe5f17825",211,72,10,221,43,"https://a.espncdn.com/i/headshots/nfldraft/players/full/105150.png"
"273",2021,104851,"Sam Ehlinger","Quarterback","QB","Texas","Longhorns","TEX","http://insider.espn.com/nfl/draft/player/_/id/104851",34,218,6,TRUE,"Compensatory Selection from NO","Indianapolis Colts","IND","https://a.espncdn.com/i/teamlogos/nfl/500/scoreboard/ind.png","3b64457b6f8b08c7dec63ec959e25e92",220,73,12,247,38,"https://a.espncdn.com/i/headshots/nfldraft/players/full/104851.png"
"274",2021,104814,"Jamie Newman","Quarterback","QB","Georgia","Bulldogs","UGA","http://insider.espn.com/nfl/draft/player/_/id/104814",NA,NA,NA,NA,NA,NA,NA,NA,"b5ab4db799b44ca4f4afa49eeb9ddcec",234,74.875,9,184,55,"https://a.espncdn.com/i/headshots/nfldraft/players/full/104814.png"
"275",2021,105211,"Feleipe Franks","Quarterback","QB","Arkansas","Razorbacks","ARK","http://insider.espn.com/nfl/draft/player/_/id/105211",NA,NA,NA,NA,NA,NA,NA,NA,"96b812b5051b0cdd040aaf4cb4dddaca",234,78.625,11,239,39,"https://a.espncdn.com/i/headshots/nfldraft/players/full/105211.png"
"276",2021,105151,"Shane Buechele","Quarterback","QB","SMU","Mustangs","SMU","http://insider.espn.com/nfl/draft/player/_/id/105151",NA,NA,NA,NA,NA,NA,NA,NA,"9a0bbaa8fa55fd5f49b9be229fb0f9a9",210,72.25,13,260,36,"https://a.espncdn.com/i/headshots/nfldraft/players/full/105151.png"
"277",2021,105349,"Zach Smith","Quarterback","QB","Tulsa","Golden Hurricane","TLSA","http://insider.espn.com/nfl/draft/player/_/id/105349",NA,NA,NA,NA,NA,NA,NA,NA,"9ac7ee79814969a99e628b7c3267d34d",222,75.375,14,311,31,"https://a.espncdn.com/i/headshots/nfldraft/players/full/105349.png"
"278",2021,105467,"K.J. Costello","Quarterback","QB","Mississippi State","Bulldogs","MSST","http://insider.espn.com/nfl/draft/player/_/id/105467",NA,NA,NA,NA,NA,NA,NA,NA,"151d962cf4bf1862bcef120a11880e57",227,76.625,15,345,30,NA
